menu_group,category,subcategory,suggested_url,page_type,query_count,total_volume,query_1,volume_1,query_2,volume_2,query_3,volume_3,query_4,volume_4,query_5,volume_5
0. Главная,Главная,Из фото в промт,/,homepage,20,6056,создать промт по фото,1930,сделать промт по фото,1196,написать промт по фото,1175,создать промт по фото бесплатно,455,создать промт по фото онлайн,302
1. Инструменты,ChatGPT,Общие,/promty-chatgpt/,tool_landing,94,15574,промты для чата gpt для фото,3384,промты для chatgpt для фото,1602,промты для гпт для фото,1577,промты для фото в gpt,1477,промт для gpt обработка фото,622
1. Инструменты,Gemini,Общие,/promty-gemini/,tool_landing,31,2357,промты для фото gemini,1183,промты для гемини фото,422,промты для обработки фото gemini,83,промты для фото gemini женские,75,джемини промт фото,65
1. Инструменты,Grok,Общие,/promty-grok/,tool_landing,2,334,промты для грок фото,219,промты для фото grok,115,,,,,,
1. Инструменты,Nano Banana,Общие,/promty-nano-banana/,tool_landing,45,10276,промт для фото нано,2115,промты для фото банана,2019,промты для фото banana,1066,промты фото для nano,1000,промты для фото nano banana,899
1. Инструменты,Perplexity,Общие,/promty-perplexity/,tool_landing,1,13,промты для фото perplexity,13,,,,,,,,
1. Инструменты,Sora,Общие,/promty-sora/,tool_landing,2,80,промты для sora фото,41,промты для сора фото,39,,,,,,
1. Инструменты,Алиса,Общие,/promty-alisa/,tool_landing,1,1713,промты для фото алиса,1713,,,,,,,,
2. Сценарии,Видео из фото,Общие,/promt-video-foto/,leaf,3,389,промт для видео по фото,342,сделать видео из фото по промту,42,подборка популярных промт для видео по фото,5,,,,
2. Сценарии,Замена лица,В профиль,/promty-foto-profil-litsa/,leaf,1,47,промты для фото в профиль лица,47,,,,,,,,
2. Сценарии,Замена лица,Общие,/promty-foto-litsa/,leaf_split,5,4630,промты для фото лица,3888,промт для замены лица на фото,440,промт для сохранения лица на фото,146,промт заменить лица на фото,92,промты для ии фото без лица,64
2. Сценарии,Замена лица,Общие,/promt-krasivogo-foto-litsa/,leaf_split,2,88,промт для красивого фото лица,63,промт для переноса лица на фото,25,,,,,,
2. Сценарии,Замена лица,Пары,/promt-foto-pary-blizko-litsa-chb/,leaf,1,7,промт фото пары близко лица чб,7,,,,,,,,
2. Сценарии,Замена лица,Семья,/promt-foto-litsa-semi/,leaf,2,97,промт для фото лица семьи,61,промт на семейное фото лица,36,,,,,,
2. Сценарии,Обработка фото,В горах,/promt-obrabotki-gornolyzhnyh-foto/,leaf,1,6,промт для обработки горнолыжных фото,6,,,,,,,,
2. Сценарии,Обработка фото,В стиле,/promt-obrabotki-foto-stile/,leaf,5,444,промт для обработки фото в стиле,370,промт для обработки фото в стиле ретро,37,промт для обработки фото в стиле гта,22,промт для обработки фото в стиле ссср,8,промт для изменения фото в стиле аниме,7
2. Сценарии,Обработка фото,В форме,/promty-obrabotki-svoego-foto/,leaf,1,8,уже написанные промты для обработки своего фото,8,,,,,,,,
2. Сценарии,Обработка фото,Влюбленные,/promt-obrabotki-foto-vlyublennyh/,leaf,1,6,промт для обработки фото влюбленных,6,,,,,,,,
2. Сценарии,Обработка фото,Девушки и женщины,/promty-neyroseti-obrabotki-foto-zhenskie/,leaf,2,147,промты для нейросети для обработки фото женские,80,промты для редактирования фото девушки,67,,,,,,
2. Сценарии,Обработка фото,Дети,/promty-obrabotki-detskih-foto/,leaf,3,71,промты для обработки детских фото,40,промты для нейросети для обработки фото детские,20,промт для обработки фото мальчика,11,,,,
2. Сценарии,Обработка фото,Для бизнеса / профессий,/promt-professionalnoy-obrabotki-foto/,leaf,5,220,промт для профессиональной обработки фото,99,промт для обработки фото наращивания ресниц,59,промт для обработки фото маникюра,42,промт для обработки фото интерьера,13,промты для редакторов фото для турагентов,7
2. Сценарии,Обработка фото,Мужчины,/promt-obrabotki-foto-muzhchiny/,leaf,3,270,промт для обработки фото мужчины,146,промты для нейросети для обработки фото мужские,94,промты для нейросети для обработки фото мужчины,30,,,,
2. Сценарии,Обработка фото,На документы,/promt-obrabotki-foto-dokumenty/,leaf,1,18,промт для обработки фото на документы,18,,,,,,,,
2. Сценарии,Обработка фото,На паспорт,/promt-obrabotki-foto-pasport/,leaf,2,54,промт для обработки фото на паспорт,45,промт для редактирования фото на паспорт,9,,,,,,
2. Сценарии,Обработка фото,Новый год,/promt-peredelki-foto/,leaf,1,75,промт для переделки фото,75,,,,,,,,
2. Сценарии,Обработка фото,Общие,/promt-obrabotki-foto/,leaf_split,5,10773,промт для обработки фото,6190,промты для нейросети для обработки фото,1674,промты для изменения фото,1198,промт для редактирования фото,1065,готовые промты для обработки фото,646
2. Сценарии,Обработка фото,Общие,/promt-ii-obrabotki-foto/,leaf_split,5,2085,промт для ии для обработки фото,565,промты для нейросети для обработки фото готовые,454,промт для ретуши фото,376,промт для обработки фото примеры,364,промт для фото без изменения лица,326
2. Сценарии,Обработка фото,Общие,/promty-neyroseti-obrabotki-foto-primery/,leaf_split,5,982,промты для нейросети для обработки фото примеры,243,промты для обработки фото на русском,213,промты для редактирования фото в ии,181,промты для обработки фото chat,180,промт для обработки фото для девушек,165
2. Сценарии,Обработка фото,Общие,/promty-obrabotki-muzhskih-foto/,leaf_split,5,640,промты для обработки мужских фото,146,промт для изменения стиля фото,144,изменить фото по промту,119,редактор фото по промту,118,промты для пар для обработки фото,113
2. Сценарии,Обработка фото,Общие,/promt-izmeneniya-fona-foto/,leaf_split,5,515,промт для изменения фона на фото,110,промты для преобразования фото,104,промты для ии изменения фото,102,промт для обработки женских фото,101,промт отредактировать фото,98
2. Сценарии,Обработка фото,Общие,/promt-ii-izmenit-foto/,leaf_split,5,389,промт ии изменить фото,96,промт для красивой обработки фото,81,ии редактор фото по промту,76,крутые промты для обработки фото,69,подробный промт для обработки фото,67
2. Сценарии,Обработка фото,Общие,/promt-obrabotki-foto-detey/,leaf_split,5,280,промт для обработки фото детей,65,промт для обработки фото лица,65,интересные промты для обработки фото,52,редактировать фото по промту,51,лучшие промты для обработки фото,47
2. Сценарии,Обработка фото,Общие,/promt-korrektsii-foto/,leaf_split,5,210,промт для коррекции фото,46,промт для ретуши фото лица,45,промт для редакции фото,44,промт для редактирования фото примеры,41,преобразовать фото в промт,34
2. Сценарии,Обработка фото,Общие,/promt-ii-retush-foto/,leaf_split,5,132,промт для ии ретушь фото,34,готовые промты для редактирования фото,26,изменить фото по промту бесплатно,25,промт для обработки фото без изменения,25,редактор фото по промту бесплатно,22
2. Сценарии,Обработка фото,Общие,/promt-obrabotki-foto/,leaf_split,5,99,нужен промт для обработки фото,21,промты для нейросети для обработки фото детей,21,нейросеть для редактирования фото по промту,20,промт для изменения размера фото,19,нейросеть для изменения фото по промту,18
2. Сценарии,Обработка фото,Общие,/luchshie-promty-redaktirovaniya-foto/,leaf_split,5,83,лучшие промты для редактирования фото,17,промт для обработки старого фото,17,смешные промты для обработки фото,17,промт для обработки фото ногтей,16,редактировать фото онлайн с помощью промтов бесплатно,16
2. Сценарии,Обработка фото,Общие,/shablony-promtov-obrabotki-foto/,leaf_split,5,63,шаблоны промтов для обработки фото,16,крутые промты для редактирования фото,15,классные промты для обработки фото,12,редактировать фото по промту бесплатно,11,бесплатная нейросеть для изменения фото по промту,9
2. Сценарии,Обработка фото,Общие,/neyroset-izmenit-foto-promtu/,leaf_split,5,42,нейросеть изменить фото по промту,9,промты для обработки фото телеграм,9,топ промтов для обработки фото,9,промт для обработки фото еды,8,ии редактор фото по промту бесплатно,7
2. Сценарии,Обработка фото,Общие,/promt-prikolnoy-obrabotki-foto/,leaf_split,5,34,промт для прикольной обработки фото,7,промты для нейросети для обработки фото смешные,7,промты на качественную обработку фото,7,редактировать фото по промту ии,7,как создать промт для обработки фото,6
2. Сценарии,Обработка фото,Общие,/promt-retushi-foto-pamyatnik/,leaf_split,1,6,промт для ретуши фото на памятник,6,,,,,,,,
2. Сценарии,Обработка фото,Пары,/promty-neyroseti-obrabotki-foto-pary/,leaf,1,79,промты для нейросети для обработки фото пары,79,,,,,,,,
2. Сценарии,Обработка фото,Портрет,/promt-obrabotki-portretnogo-foto/,leaf,2,51,промт для обработки портретного фото,46,готовые промты для обработки портретного фото,5,,,,,,
2. Сценарии,Обработка фото,С машиной,/promt-obrabotki-foto-mashiny/,leaf,5,296,промт для обработки фото машины,156,промт для обработки фото автомобиля,72,промты для нейросети для обработки фото машины,32,промты для обработки фото авто,26,ии промт для обработки фото машин,10
2. Сценарии,Обработка фото,С собакой,/promt-obrabotki-foto-sobaki/,leaf,1,15,промт для обработки фото собаки,15,,,,,,,,
2. Сценарии,Обработка фото,С цветами,/promt-tsvetokorrektsii-foto/,leaf,1,90,промт для цветокоррекции фото,90,,,,,,,,
2. Сценарии,Обработка фото,Семья,/promt-obrabotki-semeynogo-foto/,leaf,2,36,промт для обработки семейного фото,24,промты для нейросети для обработки фото семейные,12,,,,,,
2. Сценарии,Объединение фото,Дети,/promt-obedineniya-detskih-foto/,leaf,1,15,промт для объединения детских фото,15,,,,,,,,
2. Сценарии,Объединение фото,Общие,/promt-obedinenie-foto/,leaf_split,5,1213,промт на объединение фото,327,промт объединить фото,320,промт общее фото,282,промт для объединения людей на фото,212,промт для объединения двух фото в одно,72
2. Сценарии,Объединение фото,Общие,/promt-chtoby-obedinit-dva-foto/,leaf_split,4,93,промт чтобы объединить два фото,36,промт для ии объединить фото,32,промт чтобы объединить семью на одном фото,13,промт чтобы объединить людей на фото,12,,
2. Сценарии,Объединение фото,Поколения,/promt-obedinenie-foto-portret-pokoleniy/,leaf,1,6,промт на объединение фото в портрет поколений,6,,,,,,,,
2. Сценарии,Реставрация фото,Общие,/promt-staryh-foto/,leaf_split,5,2362,промт для старых фото,1207,промт для реставрации фото,438,промт для восстановления фото,257,промт для фото умершего,239,промт для реставрации старых фото,221
2. Сценарии,Реставрация фото,Общие,/promt-vosstanovleniya-staryh-foto/,leaf_split,5,232,промт для восстановления старых фото,126,промты для нейросети старых фото,60,супер промт восстановление старого фото,21,супер промт восстановление старого фото 2026,14,промт для нейросети реставрация старой фото,11
2. Сценарии,Создание фото,14 февраля,/promt-sozdaniya-foto-14-fevralya/,leaf,2,71,промт для создания фото на 14 февраля,46,промт для генерации фото на 14 февраля,25,,,,,,
2. Сценарии,Создание фото,23 февраля,/promt-sozdaniya-foto-23-fevralya/,leaf,2,224,промт для создания фото на 23 февраля,141,промт для генерации фото на 23 февраля,83,,,,,,
2. Сценарии,Создание фото,8 марта,/promt-sozdaniya-foto-marta/,leaf,2,125,промт для создания фото на 8 марта,103,промт для генерации фото к 8 марта,22,,,,,,
2. Сценарии,Создание фото,Love Is,/promt-generatsii-foto-love-is/,leaf,2,93,промт для генерации фото love is,79,промт для создания фото лав ис,14,,,,,,
2. Сценарии,Создание фото,В костюме,/promt-sozdaniya-foto-kostyume/,leaf,1,126,промт для создания фото в костюме,126,,,,,,,,
2. Сценарии,Создание фото,В стиле,/promt-sozdaniya-foto-stile-gta/,leaf_split,5,194,промт для создания фото в стиле гта,99,промт для генерации фото в стиле аниме,31,промт для генерации фото в стиле гта,31,как сделать фото в стиле гта промт,17,промт на создание фото в стиле масленица,16
2. Сценарии,Создание фото,В стиле,/promt-chtob-sdelat-foto-stile-gta/,leaf_split,2,18,промт чтоб сделать фото в стиле гта,10,промт сделать фото в стиле лав ис,8,,,,,,
2. Сценарии,Создание фото,В форме,/promt-sozdaniya-foto-voennym/,leaf,1,44,промт для создания фото с военным,44,,,,,,,,
2. Сценарии,Создание фото,Влюбленные,/promty-sozdaniya-foto-vlyublennyh/,leaf,3,77,промты для создания фото влюбленных,54,промт для создания фото на день влюбленных,14,промт для генерации фото влюбленный взгляд,9,,,,
2. Сценарии,Создание фото,Девушки и женщины,/promty-generatsii-foto-devushki/,leaf_split,5,1822,промты для генерации фото девушки,826,промт для создания фото девушки,703,промт для создания фото женщины,219,промты генерации фото девушке в платье,46,готовый промт для генерации фото девушки,28
2. Сценарии,Создание фото,Девушки и женщины,/promt-sozdat-foto-svoshnika-devushki/,leaf_split,1,5,промт что создать фото свошника и девушки,5,,,,,,,,
2. Сценарии,Создание фото,Деловое,/promt-sozdaniya-delovogo-foto/,leaf,2,157,промт для создания делового фото,116,промт для создания фото в деловом стиле,41,,,,,,
2. Сценарии,Создание фото,День рождения,/promt-sozdaniya-foto-den-rozhdeniya/,leaf,4,370,промт для создания фото на день рождения,244,промт для генерации фото на день рождения,87,промт для генерации фото на др,24,готовый промт для генерации фото день рождения,15,,
2. Сценарии,Создание фото,Дети,/promt-generatsii-foto-rebenka/,leaf_split,5,404,промт для генерации фото ребенка,173,промты для создания детских фото,108,промт для создания фото с ребенком,93,промт для создания фото будущего ребенка,17,промты для генерации фото подростка,13
2. Сценарии,Создание фото,Дети,/promt-sozdaniya-foto-mamy-rebenkom/,leaf_split,3,23,промт для создания фото мамы с ребенком,9,промт для создания фото новорожденного,7,промт для создания фото ребенку футболисту,7,,,,
2. Сценарии,Создание фото,Для бизнеса / профессий,/promt-sozdaniya-professionalnogo-foto/,leaf_split,5,226,промт для создания профессионального фото,96,промты для создания фото товаров,77,промты для генерации фото мастера маникюра,19,промт для создания фото мастеру маникюра,18,промт для создания интерьера по фото,16
2. Сценарии,Создание фото,Для бизнеса / профессий,/promt-sozdaniya-foto-vracha/,leaf_split,5,41,промт для создания фото врача,12,промт для создания фото кондитера,11,промты для создание фото на медика,7,промт для создания фото в нейросети маникюр,6,промт для генерации фото электрика за работой,5
2. Сценарии,Создание фото,Для резюме,/promt-sozdaniya-foto-rezyume/,leaf,2,80,промт для создания фото для резюме,60,промт для генерации фото для резюме,20,,,,,,
2. Сценарии,Создание фото,Друзья,/promt-sozdaniya-foto-podrugoy/,leaf,1,19,промт для создания фото с подругой,19,,,,,,,,
2. Сценарии,Создание фото,Масленица,/promt-sozdaniya-foto-maslenitsu/,leaf,1,78,промт для создания фото на масленицу,78,,,,,,,,
2. Сценарии,Создание фото,Мужчины,/promt-sozdaniya-foto-muzhchiny/,leaf,3,651,промт для создания фото мужчины,344,промт для генерации фото для мужчин,277,промты для создания фото ии мужчины,30,,,,
2. Сценарии,Создание фото,Мультяшное,/promt-chtoby-sdelat-foto-multyashnym/,leaf,2,45,промт чтобы сделать фото мультяшным,34,промт для создания мультяшного персонажа по фото,11,,,,,,
2. Сценарии,Создание фото,На документы,/promt-sozdaniya-foto-dokumenty/,leaf,2,87,промт для создания фото на документы,68,промт чтобы сделать фото на документы,19,,,,,,
2. Сценарии,Создание фото,На паспорт,/promt-sozdaniya-foto-pasport/,leaf,4,330,промт для создания фото на паспорт,156,промт чтобы сделать фото на паспорт,89,промт для генерации фото на паспорт,62,промт для ии сделать фото на паспорт,23,,
2. Сценарии,Создание фото,Новый год,/promt-sozdaniya-novogodnih-foto/,leaf,1,15,промт для создания новогодних фото,15,,,,,,,,
2. Сценарии,Создание фото,Общие,/promt-sozdaniya-foto/,leaf_split,5,27593,промт для создания фото,12852,промт для генерации фото,10998,промт для ии для создания фото,1610,сделать фото ии промт,1226,подробный промт для генерации фото,907
2. Сценарии,Создание фото,Общие,/promt-generatsii-foto-primery/,leaf_split,5,2869,промт для генерации фото примеры,781,промты для генерации изображений по фото,622,готовые промты для генерации фото,566,промт для создания фото в нейросети,452,подробный промт для создания фото,448
2. Сценарии,Создание фото,Общие,/sgenerirovat-foto-promtu/,leaf_split,5,1856,сгенерировать фото по промту,443,промт для создания фото примеры,429,промты для генерации фото в нейросетях,344,промт для генерации фото на русском,323,генерация фото по промту бесплатно,317
2. Сценарии,Создание фото,Общие,/gotovye-promty-sozdaniya-foto/,leaf_split,5,1172,готовые промты для создания фото,282,промт для создания красивого фото,224,промт для создания похожего фото,224,промт для создания фото пар,223,промт для создания видео из фото,219
2. Сценарии,Создание фото,Общие,/promty-generatsii-foto-ii/,leaf_split,5,947,промты для генерации фото в ии,210,промт для создания изображения по фото,204,сделать фото по промту бесплатно,180,промты для генерации фото для пар,178,сделать фото через промт,175
2. Сценарии,Создание фото,Общие,/sozdanie-foto-promtu-besplatno/,leaf_split,5,788,создание фото по промту бесплатно,163,как написать промт для генерации фото,161,промты для генерации картинок фото,159,сгенерировать фото по промту бесплатно,156,промт для генерации похожего изображения по фото,149
2. Сценарии,Создание фото,Общие,/sdelat-foto-promta/,leaf_split,5,626,сделать фото с помощью промта,134,промты для генерации фото фотосессии,133,текст для промта для создания фото,131,промт для генерации красивого фото,115,промт для создания парного фото,113
2. Сценарии,Создание фото,Общие,/generirovat-foto-promtu/,leaf_split,5,514,генерировать фото по промту,111,промт для создания стикеров по фото,104,создать фото с помощью промта,102,хороший промт для генерации фото,101,детальный промт для генерации похожего фото,96
2. Сценарии,Создание фото,Общие,/promt-generatsii-teksta-foto/,leaf_split,5,426,промт для генерации текста по фото,90,точный и негативный промты для создания фото,88,промты для создания картинок по фото,85,промт для создания фото с помощью ии,84,промт для создания фото через ии,79
2. Сценарии,Создание фото,Общие,/podrobnyy-promt-generatsii-foto-neyroseti/,leaf_split,5,350,подробный промт для генерации фото в нейросети,78,промт для создания аватарки по фото,71,промты для генерации мужских фото,71,промт для создания шаржа по фото,68,промт для создания фото куклы,62
2. Сценарии,Создание фото,Общие,/bot-sozdaniya-promta-foto/,leaf_split,5,274,бот для создания промта по фото,56,подробный промт для генерации изображения по фото,55,промт для создания мужского фото,55,промты для создания крутых фото,55,промт для генерации фото подруг,53
2. Сценарии,Создание фото,Общие,/promt-sozdaniya-vesennego-foto/,leaf_split,5,253,промт для создания весеннего фото,53,промты для генерации видео из фото,53,промт для создания зимних фото,52,создание промта по фото онлайн,48,пример промта для создания похожего фото,47
2. Сценарии,Создание фото,Общие,/promt-generatsii-foto-neyroseti/,leaf_split,5,227,промт для генерации фото с помощью нейросети,47,ии генерация фото по промту бесплатно,46,где сделать фото по промту,45,промт для создания фото с фотосессии,45,промт для создания стильного фото,44
2. Сценарии,Создание фото,Общие,/sozdat-foto-promt/,leaf_split,5,206,создать фото через промт,44,промт для генерации зимнего фото,42,промт для создания персонажа по фото,42,интересные промты для генерации фото,40,подробный промт для генерации текста по фото,38
2. Сценарии,Создание фото,Общие,/opisanie-promtov-sozdaniya-ii-foto/,leaf_split,5,180,описание промтов для создания ии фото,37,промты для создания трендовых фото,37,смешные промты для генерации фото,36,генерировать фото по промту бесплатно,35,ии для создания фото по промту бесплатно,35
2. Сценарии,Создание фото,Общие,/besplatnaya-neyroset-sozdaniya-foto-promtu/,leaf_split,5,161,бесплатная нейросеть для создания фото по промту,33,подробный промт для создания похожего фото,33,генерация фото по промту онлайн,32,как сгенерировать фото с помощью промта,32,пример промта для генерации похожего фото,31
2. Сценарии,Создание фото,Общие,/ii-sdelat-foto-promtu-besplatno/,leaf_split,5,135,ии сделать фото по промту бесплатно,29,промт для регенерации фото,29,сгенерировать фото по промту бесплатно онлайн,27,готовые промты для создания фото ии,25,промт создание интересное фото,25
2. Сценарии,Создание фото,Общие,/promt-sozdaniya-foto-lov-is/,leaf_split,5,113,промт для создания фото лов ис,24,готовые промты для генерации фото в нейросети,23,смешные промты для создания фото,23,примеры промтов для создания фото в нейросети,22,генерация фото по промту бесплатно онлайн,21
2. Сценарии,Создание фото,Общие,/promt-generatsii-identichnogo-foto/,leaf_split,5,102,промт для генерации идентичного фото,21,промт для создания фото с короной,21,создать фото по промту в ии,21,промт для создания раскраски из фото,20,варианты промтов для создания фото,19
2. Сценарии,Создание фото,Общие,/detalnyy-promt-sozdaniya-foto-izobrazheniya/,leaf_split,5,90,детальный промт для создания фото изображения,19,промт для генерации фото с кольцами,18,промт для создания красивых фото в ии,18,промты для генерации крутых фото,18,популярные промты для создания фото,17
2. Сценарии,Создание фото,Общие,/promty-generatsii-foto-telegram/,leaf_split,5,81,промты для генерации фото телеграм,17,топ промтов для генерации фото,17,трендовые промты для генерации фото,17,промты для генерации классных фото,15,промты для создания картин из фото,15
2. Сценарии,Создание фото,Общие,/pisat-promty-sozdaniya-foto/,leaf_split,5,67,как писать промты для создания фото,14,промт для создания фото в ии примеры,14,идеальный промт для генерации фото примеры,13,как писать промты для нейросети генерации фото,13,промт для генерации фото в купальнике,13
2. Сценарии,Создание фото,Общие,/promt-sozdaniya-vyazanyh-foto/,leaf_split,5,59,промт для создания вязаных фото,13,промт для создания рисунка из фото,12,промт для создания фото бесплатно текст,12,генерация фото по промту тг,11,как сделать фото с эффектом промт,11
2. Сценарии,Создание фото,Общие,/promt-sozdaniya-valentinki-foto/,leaf_split,5,54,промт для создания валентинки из фото,11,промт для создания фото в кокошнике,11,сделать фото на памятник промты,11,создать фото нейросеть бесплатно онлайн промт,11,пример промта для создания фото по описанию,10
2. Сценарии,Создание фото,Общие,/promt-sozdaniya-kalendarya-foto/,leaf_split,5,50,промт для создания календаря с фото,10,промт для создания фото на памятник,10,промт на создание фото с красивым телом,10,промт сделать фото зимнее,10,сгенерировать фото по промту и фотографии,10
2. Сценарии,Создание фото,Общие,/gotovye-promty-generatsii-foto-ii/,leaf_split,5,41,готовые промты для генерации фото ии,9,готовые промты для генерации фото картинок,8,письменные промты для создания видео по фото,8,промт для создания комикса из фото,8,сделать фото с помощью промта бесплатно онлайн,8
2. Сценарии,Создание фото,Общие,/gotovye-promty-generatsii-muzhskih-foto/,leaf_split,5,34,готовые промты для генерации мужских фото,7,промт для создания фото в лифте,7,сайт для создания промтов по фото,7,тренды промты для генерации фото,7,промты по пабгу для создания фото ии,6
2. Сценарии,Создание фото,Общие,/capcut-sgenerirovat-foto-promtu/,leaf_split,4,20,как в capcut сгенерировать фото по промту,5,лучший промты для создания оригинального фото,5,промт для создания нескольких фото в одном,5,промт ии в спортзале создание фото,5,,
2. Сценарии,Создание фото,Открытка,/promt-sozdaniya-otkrytki-foto/,leaf,1,117,промт для создания открытки по фото,117,,,,,,,,
2. Сценарии,Создание фото,Пары,/promt-sozdaniya-foto-pary/,leaf_split,5,628,промт для создания фото пары,223,промты для генерации фото пары,178,промт для создания парных фото,113,промт для создания совместного фото,62,промты для генерации парных фото,52
2. Сценарии,Создание фото,Пары,/promty-generatsii-sovmestnyh-foto/,leaf_split,3,40,промты для генерации совместных фото,25,готовый промт для генерации фото пары,8,готовые промты для создания фото пары,7,,,,
2. Сценарии,Создание фото,Поколения,/promt-sozdaniya-foto-pokoleniy/,leaf,4,176,промт для создания фото поколений,123,промт для генерации фото поколений,26,как сделать фото поколений промт,21,промт для нейросети сделать фото поколения,6,,
2. Сценарии,Создание фото,Полароид,/promt-sozdaniya-foto-polaroid/,leaf,3,64,промт для создания фото полароид,44,промт для генерации фото полароид,12,промт для создания фото со знаменитостью полароид,8,,,,
2. Сценарии,Создание фото,Портрет,/promty-generatsii-foto-portret/,leaf,3,180,промты для генерации фото портрет,72,промт для создания портретного фото,64,промт для создания портрета по фото,44,,,,
2. Сценарии,Создание фото,Реалистичное,/promt-sozdaniya-realistichnogo-foto/,leaf,2,434,промт для создания реалистичного фото,403,реалистичный промт для генерации похожего фото,31,,,,,,
2. Сценарии,Создание фото,Ретро,/promt-sozdaniya-retro-foto/,leaf,1,95,промт для создания ретро фото,95,,,,,,,,
2. Сценарии,Создание фото,С котом,/promt-sozdaniya-foto-kotom/,leaf,3,82,промт для создания фото с котом,44,сделать фото с котом промт,23,промт для создания фото с кошкой,15,,,,
2. Сценарии,Создание фото,С мамой,/promt-sozdaniya-foto-mamoy/,leaf,2,96,промт для создания фото с мамой,62,промт для создания фото мамы и сына,34,,,,,,
2. Сценарии,Создание фото,С машиной,/promt-sozdaniya-foto-mashinoy/,leaf,4,211,промт для создания фото с машиной,107,промт для генерации фото с машиной,73,промт для автомобиля генерация фото,23,промт для генерации фото авто,8,,
2. Сценарии,Создание фото,С мужем,/promt-sozdaniya-foto-muzhem/,leaf,1,37,промт для создания фото с мужем,37,,,,,,,,
2. Сценарии,Создание фото,С парнем,/promt-generatsii-foto-parnem/,leaf,2,196,промт для генерации фото с парнем,124,промт для создания фото с парнем,72,,,,,,
2. Сценарии,Создание фото,С питомцем,/promt-sozdaniya-foto-pitomtsem/,leaf,3,88,промт для создания фото с питомцем,49,промт для генерации фото с питомцем,28,промт сделать фото со своим питомцев,11,,,,
2. Сценарии,Создание фото,С собакой,/promt-sozdaniya-foto-sobakoy/,leaf,1,45,промт для создания фото с собакой,45,,,,,,,,
2. Сценарии,Создание фото,С тортом,/promt-sozdaniya-foto-tortom/,leaf,1,52,промт для создания фото с тортом,52,,,,,,,,
2. Сценарии,Создание фото,С цветами,/promt-sozdaniya-foto-tsvetami/,leaf,2,117,промт для создания фото с цветами,100,промты для генерации фото люди с цветами,17,,,,,,
2. Сценарии,Создание фото,Свадьба,/promt-sozdaniya-svadebnogo-foto/,leaf,2,56,промт для создания свадебного фото,37,промты для генерации свадебных фото,19,,,,,,
2. Сценарии,Создание фото,Семья,/promt-sozdaniya-semeynogo-foto/,leaf,5,447,промт для создания семейного фото,239,промт для создания фото семьи,91,промт для генерации семейного фото,66,промт для создания семейного фото в профиль,37,промт для создания семейного фото ии,14
2. Сценарии,Создание фото,Со знаменитостью,/promt-sozdaniya-foto-so-znamenitostyu/,leaf_split,5,223,промт для создания фото со знаменитостью,80,промт для генерации фото со знаменитостью,53,промт для генерации фото с путиным,49,промт чтобы сделать фото со знаменитостью,21,промт для создания фото с путиным,20
2. Сценарии,Создание фото,Со знаменитостью,/promt-sozdaniya-foto-so-zvezdoy/,leaf_split,5,46,промт для создания фото со звездой,11,промт для генерации фото со звездой,10,промт для создания фото с знаменитостью,10,промт для создания фото с чебурашкой,9,промт для генерации фото с владимиром путиным,6
2. Сценарии,Создание фото,Советское / СССР,/promt-sozdaniya-sovetskoy-otkrytki-foto/,leaf,2,26,промт для создания советской открытки из фото,19,промт для создания фото ссср,7,,,,,,
2. Сценарии,Создание фото,Студийное,/promt-sozdaniya-studiynogo-foto/,leaf,2,160,промт для создания студийного фото,115,промт для создания фото в студии,45,,,,,,
2. Сценарии,Создание фото,Черно-белое,/promt-sozdaniya-cherno-belogo-foto/,leaf,1,113,промт для создания черно белого фото,113,,,,,,,,
2. Сценарии,Улучшение фото,Для бизнеса / профессий,/promty-uluchsheniya-foto-interera/,leaf,1,12,промты для улучшения фото интерьера,12,,,,,,,,
2. Сценарии,Улучшение фото,Общие,/promt-uluchsheniya-foto/,leaf_split,5,4877,промт для улучшения фото,2349,промт для улучшения качества фото,1616,промт улучшить фото,638,промт чтобы улучшить качество фото,153,промт для улучшения старого фото,121
2. Сценарии,Улучшение фото,Общие,/promt-neyroseti-uluchsheniya-foto/,leaf_split,5,321,промт для нейросети для улучшения фото,79,промт для лучшего качества фото,65,промт для повышения качества фото,61,готовый промт для улучшения фото,58,промт для нейросети для улучшения качества фото,58
2. Сценарии,Улучшение фото,Общие,/promt-uluchsheniya-kachestva-starogo-foto/,leaf_split,5,203,промт для улучшения качества старого фото,49,промт для апскейла фото,47,промт для увеличения качества фото,40,промты для ии улучшить качество фото,38,готовый промт для улучшения качества фото,29
2. Сценарии,Улучшение фото,Общие,/promt-uluchshit-staroe-foto/,leaf_split,5,93,промт улучшить старое фото,28,промт для улучшения лица на фото,25,промт для улучшения фото примеры,18,промт для улучшения фото в ии,14,промт для исправления качества фото,8
2. Сценарии,Улучшение фото,Общие,/promt-uluchsheniya-foto-plenki/,leaf_split,1,5,промт для улучшения фото с пленки,5,,,,,,,,
2. Сценарии,Улучшение фото,Портрет,/promt-uluchsheniya-foto-portreta/,leaf,1,14,промт для улучшения фото портрета,14,,,,,,,,
2. Сценарии,Фотосессия,В стиле,/promt-foto-stile-fotosessii/,leaf,1,114,промт для фото в стиле фотосессии,114,,,,,,,,
2. Сценарии,Фотосессия,Мужчины,/promt-foto-fotosessii-muzhchin/,leaf,1,14,промт на фото фотосессии мужчин,14,,,,,,,,
2. Сценарии,Фотосессия,Общие,/promt-foto-fotosessiya/,leaf,4,1329,промт для фото фотосессия,1184,промты для ии фотосессии с фото,104,промт для фотосессии нейросети по фото,21,промты фото зимняя фотосессия,20,,
2. Сценарии,Фотосессия,Пары,/promt-foto-pary-fotosessiya/,leaf,1,45,промт фото для пары фотосессия,45,,,,,,,,
2. Сценарии,Фотосессия,Поколения,/promt-fotosessii-foto-pokoleniy/,leaf,2,33,промт для фотосессии фото поколений,20,промт для фотосессии нейросети фото поколений,13,,,,,,
2. Сценарии,Фотосессия,Свадьба,/promt-fotosessii-neyroseti-svadba-foto-nevesty/,leaf,1,9,промт для фотосессии нейросети свадьба фото невесты,9,,,,,,,,
2. Сценарии,Фотосессия,Семья,/promt-fotosessii-neyroseti-semeynogo-foto/,leaf,2,34,промт для фотосессии нейросети для семейного фото,25,семейная фотосессия нейросеть черно белое фото промт,9,,,,,,
2. Сценарии,Фотосессия,Студийное,/promty-foto-studii-fotosessii/,leaf,1,6,промты к фото в студии на фотосессии,6,,,,,,,,
3. Задачи,Для бизнеса / профессий,Общие,/promty-foto-odezhdy/,leaf_split,5,2309,промты для фото одежды,867,профессиональные промты для фото,608,промт для фото маникюра,304,промт для фото ресниц,282,промт для фото товара,248
3. Задачи,Для бизнеса / профессий,Общие,/promt-foto-mastera-manikyura/,leaf_split,5,576,промт для фото мастера маникюра,177,промты для фото карточек товара,105,промт для ии профессиональное фото,104,промт для фото врача,99,промт для фото профессии,91
3. Задачи,Для бизнеса / профессий,Общие,/promt-foto-konditera/,leaf_split,5,269,промт для фото кондитера,78,подробный профессиональный промт для фото,73,промт для фото мастера по наращиванию ресниц,63,промт для фото медик,32,промт для фото нейросети мастер маникюра,23
3. Задачи,Для бизнеса / профессий,Общие,/promt-professii-ii-foto/,leaf_split,5,61,промт для профессии ии фото,18,промт для фото мастера по волосам,13,промт для фото таролога,13,промт для фото профессии визажиста,9,промт для фото мастера бровиста,8
3. Задачи,Для бизнеса / профессий,Общие,/promt-nadet-odezhdu-drugogo-foto/,leaf_split,3,20,промт надеть одежду с другого фото,8,промт для фото для продажи одежды,6,промт ии для фото для сайт знакомств,6,,,,
3. Задачи,Для резюме,Общие,/promt-foto-rezyume/,leaf,3,175,промт для фото на резюме,108,промт для ии фото для резюме,54,промт для фото нейросети для резюме,13,,,,
3. Задачи,На аватарку,Девушки и женщины,/promt-foto-devushki-avatarku/,leaf,1,24,промт для фото девушки на аватарку,24,,,,,,,,
3. Задачи,На аватарку,Общие,/promt-foto-avatarku/,leaf,4,343,промт для фото на аватарку,244,промт для фото на аватар,43,промт для фото на аву,43,промт для красивого фото на аватарку,13,,
3. Задачи,На документы,Общие,/promt-foto-dokumenty/,leaf,3,403,промт для фото на документы,349,фото на документы ии промт,36,промт для фото нейросети на документы,18,,,,
3. Задачи,На паспорт,Мужчины,/promt-foto-pasport-muzhchine/,leaf,1,14,промт для фото на паспорт мужчине,14,,,,,,,,
3. Задачи,На паспорт,Общие,/promt-foto-pasport/,leaf,4,1895,промт для фото на паспорт,1483,промт для ии фото на паспорт,320,промт для нейросети фото на паспорт,77,промт для фото на паспорт рф,15,,
4. Люди и отношения,Влюбленные,14 февраля,/promt-foto-den-vlyublennyh/,leaf,3,174,промт для фото на день влюбленных,111,промты для ии фото день влюбленных,41,бесплатные промты для фото на день влюбленных,22,,,,
4. Люди и отношения,Влюбленные,Общие,/promt-foto-vlyublennyh/,leaf,4,638,промт для фото влюбленных,529,промт для фото влюбленный взгляд,68,промт для нейросети фото влюбленных,35,промт для ии фото влюбленный взгляд,6,,
4. Люди и отношения,Девушки и женщины,23 февраля,/promt-foto-devushki-23-fevralya/,leaf,1,50,промт фото девушки к 23 февраля,50,,,,,,,,
4. Люди и отношения,Девушки и женщины,В горах,/promty-foto-devushki-snezhnyh-gorah/,leaf,1,7,промты фото девушки в снежных горах,7,,,,,,,,
4. Люди и отношения,Девушки и женщины,В костюме,/promt-foto-devushki-kostyume/,leaf,1,113,промт для фото девушки в костюме,113,,,,,,,,
4. Люди и отношения,Девушки и женщины,В форме,/promt-foto-voennyy-devushkoy/,leaf,2,51,промт на фото военный с девушкой,43,промт на генерацию фото военные с девушкой,8,,,,,,
4. Люди и отношения,Девушки и женщины,Деловое,/promt-delovogo-foto-zhenschiny/,leaf,2,119,промт для делового фото женщины,75,промт для делового фото девушки,44,,,,,,
4. Люди и отношения,Девушки и женщины,День рождения,/promt-foto-den-rozhdeniya-devushke/,leaf,2,396,промт для фото на день рождения девушке,273,промт фото с днем рождения женщине,123,,,,,,
4. Люди и отношения,Девушки и женщины,Общие,/promty-foto-devushki/,leaf_split,5,11910,промты для фото девушки,7435,промты для фото женщины,2242,промты для фото женские,955,промты для ии для фото девушки,834,промт фото девушки и парня,444
4. Люди и отношения,Девушки и женщины,Общие,/primer-promta-foto-devushki/,leaf_split,5,1532,пример промта для фото девушки,396,промт для красивого фото девушки,347,промт для фото мужчины и женщины,334,промт фото девушки в платье,236,промты для фото в нейросети женские,219
4. Люди и отношения,Девушки и женщины,Общие,/promty-ii-foto-zhenskie/,leaf_split,5,666,промты для ии фото женские,196,промты для нейросети для фото женщины,164,готовые промты для фото девушки,139,описание промт на фото девушки,92,промты для фото девушки зимние,75
4. Люди и отношения,Девушки и женщины,Общие,/gotovye-promty-foto-zhenschin/,leaf_split,5,277,готовые промты для фото женщин,67,промт на русском для фото девушке,63,промт фото девушки в нижнем белье,59,промты для фото взрослой женщин,47,промт для фото девушки в русском стиле,41
4. Люди и отношения,Девушки и женщины,Общие,/promt-foto-devushki-polnyy-rost/,leaf_split,5,139,промт для фото девушки в полный рост,38,промт для весеннего фото для девушки,35,промт для фото женщины в возрасте,26,интересные промты для фото девушки,20,промт для совместного фото с девушкой,20
4. Люди и отношения,Девушки и женщины,Общие,/promt-foto-devushka-koronoy/,leaf_split,5,92,промт для фото девушка с короной,20,промты бесплатно фото девушки,20,промт для фото пожилой женщины,19,промты для красивых фото девушки в ии,17,промты для фото женщины 55,16
4. Люди и отношения,Девушки и женщины,Общие,/promty-zhenschin-ii-foto/,leaf_split,5,60,промты для женщин ии к фото,15,промт для фото беременной девушки,14,промт для фото нейросети для девушки короткие,13,идеи промтов для фото женщины,9,промт для фото женщина в огне паника,9
4. Люди и отношения,Девушки и женщины,Общие,/foto-devushki-dobermanom-promt/,leaf_split,5,38,фото девушки с доберманом промт,9,промт девушка фото со студии,8,промт для фото нейросети женщина 60,8,промт фото счастливой женщины,7,как сделать промт на фото плачущая девушка,6
4. Люди и отношения,Девушки и женщины,Общие,/promt-foto-beloy-rubashke-zhenskie-rasslablennye/,leaf_split,4,23,промт фото в белой рубашке женские расслабленные,6,промты для фото девушки ностальгия 2000х,6,промты на самыеикрасивые фото для девушки,6,промт для фото девушки с черной короной,5,,
4. Люди и отношения,Девушки и женщины,Портрет,/promty-foto-devushki-portret/,leaf,5,146,промты для фото девушки портрет,92,промт для портретного фото женщины,25,промт для портретного фото девушки,14,промты для фото девушки студийный портрет,10,красивое описание портрета девушки промтов для фото,5
4. Люди и отношения,Девушки и женщины,Ретро,/promty-retro-foto-devushki/,leaf,1,22,промты для ретро фото девушки,22,,,,,,,,
4. Люди и отношения,Девушки и женщины,С котом,/promt-foto-devushki-koshkoy/,leaf,1,21,промт фото девушки с кошкой,21,,,,,,,,
4. Люди и отношения,Девушки и женщины,С машиной,/promty-foto-devushki-mashine/,leaf,3,122,промты для фото девушки в машине,106,промт фото девушка возле машины,10,промт для фото женский с машиной текст,6,,,,
4. Люди и отношения,Девушки и женщины,С цветами,/promty-foto-devushki-tsvetami/,leaf,3,192,промты для фото девушки с цветами,150,промт на фото девушка с тюльпанами,37,промт фото девушки миллион роз,5,,,,
4. Люди и отношения,Девушки и женщины,Студийное,/promt-studiynogo-foto-devushki/,leaf,3,127,промт для студийного фото девушки,62,промты для фото девушки в студии,55,промт на фото женщины в студийном стиле,10,,,,
4. Люди и отношения,Девушки и женщины,Черно-белое,/promt-cherno-beloe-foto-devushki/,leaf,3,321,промт черно белое фото девушки,208,промт черно белое фото женщины,104,готовые промты черно белое фото девушки,9,,,,
4. Люди и отношения,Дети,14 февраля,/promt-foto-rebenka-14-fevralya/,leaf,1,42,промт для фото ребенка на 14 февраля,42,,,,,,,,
4. Люди и отношения,Дети,23 февраля,/promt-foto-rebenka-23-fevralya/,leaf,2,77,промт для фото ребенка к 23 февраля,43,промт для детского фото на 23 февраля,34,,,,,,
4. Люди и отношения,Дети,8 марта,/promt-foto-rebenka-marta/,leaf,1,20,промт на фото ребенка к 8 марта,20,,,,,,,,
4. Люди и отношения,Дети,День рождения,/promt-den-rozhdeniya-detskim-foto/,leaf,5,635,промт на день рождения с детским фото,390,промт день рождения на фоне детское фото,102,промт для фото на день рождения ребенка,97,промт для фото на день рождения мальчику,40,промт для фото ребенка на годик,6
4. Люди и отношения,Дети,Масленица,/promt-foto-rebenka-maslenitsu/,leaf,4,188,промт для фото ребенка на масленицу,88,промт фото девочка масленица,44,промты для ии для фото ребенка масленица,34,промт для детского фото на масленицу,22,,
4. Люди и отношения,Дети,Новый год,/promty-novogodnie-detskie-foto/,leaf,1,11,промты новогодние детские фото,11,,,,,,,,
4. Люди и отношения,Дети,Общие,/promty-detskih-foto/,leaf_split,5,4997,промты для детских фото,1629,промт для фото с ребенком,1529,промт для фото девочки,788,промты для фото мальчика,645,промт для фото мамы с ребенком,406
4. Люди и отношения,Дети,Общие,/promty-detskih-foto-ii/,leaf_split,5,1211,промты для детских фото ии,325,промты для фото малышей,236,промт фото фоне детского фото,225,промт для ии фото с ребенком,215,промт для фото подростка,210
4. Люди и отношения,Дети,Общие,/promt-vzrosloe-detskoe-foto/,leaf_split,5,496,промт взрослое и детское фото,131,промт для фото с детской фотографией,103,промты для ии для фото девочки,100,промт для фото новорожденного,95,промты для фото в нейросети ребенка,67
4. Люди и отношения,Дети,Общие,/promty-foto-mladentsa/,leaf_split,5,211,промты на фото младенца,56,промт для фото девочки подростка,47,промт для фото нейросети для девочки,38,промт для фото мамы и малыша,36,промт для фото подростка мальчика,34
4. Люди и отношения,Дети,Общие,/promt-foto-ii-podrostka/,leaf_split,5,123,промт для фото ии подростка,33,промты готовые для детских фото,27,промты для фото в нейросети детские,24,промт для фото новорожденного ребенка,21,промт фото девочки 13 лет,18
4. Люди и отношения,Дети,Общие,/promt-opisanie-detskogo-foto/,leaf_split,5,71,промт на описание детского фото,17,промты для детских фото мальчиков,17,промт для фото мамы и младенца,14,промты для фото ребенок 6 месяцев,14,промты для детских фото бесплатно,9
4. Люди и отношения,Дети,Общие,/promt-foto-mamy-podrostkom/,leaf_split,5,34,промт для фото мамы с подростком,8,промт для фото по месяцам малышу,7,скачать детский промт для фото человека паука,7,промт для фото ии мальчика робота,6,промты для ии фото младенца,6
4. Люди и отношения,Дети,Общие,/promty-krasivyh-detskih-foto/,leaf_split,4,22,промты для красивых детских фото,6,промты для нейросети для фото новорожденных,6,промт для фото с детской фотогр,5,промты для ии фото мальчика 12 лет,5,,
4. Люди и отношения,Дети,Со знаменитостью,/promt-foto-rebenka-cheburashkoy/,leaf,1,11,промт для фото ребенка с чебурашкой,11,,,,,,,,
4. Люди и отношения,Дети,Черно-белое,/promt-cherno-beloe-foto-rebenkom/,leaf,1,92,промт черно белое фото с ребенком,92,,,,,,,,
4. Люди и отношения,Друзья,Общие,/promt-foto-druzya/,leaf_split,5,1994,промт фото друзья,734,промт для фото с подругой,584,промты для фото с другом,532,промт для ии фото с подругой,94,промт для фото двух друзей,50
4. Люди и отношения,Друзья,Общие,/promty-neyroseti-foto-druzey/,leaf_split,3,71,промты для нейросети фото друзей,43,промт для фото нейросети с подругой,21,промт фото с подругой с бутылкой шампанского,7,,,,
4. Люди и отношения,Мужчины,В горах,/promt-muzhskoe-foto-gornolyzhnom-kurorte/,leaf,2,19,промт на мужское фото на горнолыжном курорте,13,промт ии мужское фото на горнолыжном курорте,6,,,,,,
4. Люди и отношения,Мужчины,В костюме,/promt-foto-muzhchiny-kostyume/,leaf,2,165,промт для фото мужчины в костюме,159,мужское фото в тельняшке промт,6,,,,,,
4. Люди и отношения,Мужчины,В форме,/promt-foto-muzhchina-forme/,leaf,2,223,промт для фото мужчина в форме,133,промт для фото мужчины в военной форме,90,,,,,,
4. Люди и отношения,Мужчины,Деловое,/promt-delovogo-foto-muzhchiny/,leaf,2,154,промт для делового фото мужчины,106,промт для фото мужчины в деловом костюме,48,,,,,,
4. Люди и отношения,Мужчины,День рождения,/promt-foto-den-rozhdeniya-muzhchine/,leaf,1,62,промт для фото на день рождения мужчине,62,,,,,,,,
4. Люди и отношения,Мужчины,Общие,/promty-foto-muzhchiny/,leaf_split,5,6313,промты для фото мужчины,3611,промт для фото мужской,1614,промт для ии фото мужчины,471,промты для фото ии мужские,373,промт для фото нейросети мужчина,244
4. Люди и отношения,Мужчины,Общие,/gotovye-promty-foto-muzhchin/,leaf_split,5,363,готовые промты для фото мужчин,110,промты для фото в нейросети мужские,97,промт для красивого фото мужчины,58,крутой промт для фото мужчины,54,примеры промтов мужское фото,44
4. Люди и отношения,Мужчины,Общие,/promt-brutalnogo-foto-muzhchiny/,leaf_split,5,151,промт для брутального фото мужчины,33,зимний промт фото для мужчин,31,готовые промты для фото мужчин со спецэффектами,29,мужские крутые промты для фото,29,промт для фото двух мужчин,29
4. Люди и отношения,Мужчины,Общие,/promt-foto-muzhchiny-borodoy/,leaf_split,5,85,промт фото мужчины с бородой,20,промт для фото др для мужчины,18,промты для фото ии мужские брутальные,18,промты для фото мужчины шаблоны,15,смешные промты для фото мужчины,14
4. Люди и отношения,Мужчины,Общие,/prikolnye-promty-foto-muzhchin/,leaf_split,3,20,прикольные промты для фото мужчин,8,промт для фото 70 лет мужчине,7,промты для фото ии мужские новые,5,,,,
4. Люди и отношения,Мужчины,Портрет,/promt-portretnogo-foto-muzhchiny/,leaf,2,29,промт для портретного фото мужчины,19,мужские портретные фото ии промты,10,,,,,,
4. Люди и отношения,Мужчины,Реалистичное,/promty-realistichnyh-foto-muzhchin/,leaf,1,66,промты для реалистичных фото мужчин,66,,,,,,,,
4. Люди и отношения,Мужчины,С машиной,/promty-foto-muzhchiny-mashinoy/,leaf,1,56,промты для фото мужчины с машиной,56,,,,,,,,
4. Люди и отношения,Мужчины,Со знаменитостью,/promt-foto-muzhchiny-putinym/,leaf,1,30,промт фото мужчины с путиным,30,,,,,,,,
4. Люди и отношения,Мужчины,Студийное,/promt-studiynoe-foto-muzhchina/,leaf,1,90,промт студийное фото мужчина,90,,,,,,,,
4. Люди и отношения,Мужчины,Черно-белое,/promt-muzhchina-cherno-beloe-foto/,leaf,1,95,промт мужчина черно белое фото,95,,,,,,,,
4. Люди и отношения,Пары,14 февраля,/promt-foto-pary-14-fevralya/,leaf,2,53,промт для фото пары на 14 февраля,46,промт на совместное фото на день влюбленных,7,,,,,,
4. Люди и отношения,Пары,В форме,/promt-sovmestnogo-foto-svo/,leaf,2,13,промт для совместного фото с сво,7,промты для фото пары сво,6,,,,,,
4. Люди и отношения,Пары,Общие,/promty-foto-pary/,leaf_split,5,6705,промты для фото пары,2754,промты для парных фото,1791,промты для совместных фото,903,промт ии парное фото фото,690,промт для ии фото пары,567
4. Люди и отношения,Пары,Общие,/promt-foto-neyroseti-pary/,leaf_split,5,1070,промт для фото нейросети для пары,359,промты для парных фото в ии,222,промт для фото двоих,221,промт для нейросети парное фото,138,промты для совместных фото ии,130
4. Люди и отношения,Пары,Общие,/promt-sovmestnogo-foto-parnem/,leaf_split,5,426,промт для совместного фото с парнем,124,промты для красивых фото пары,84,промт для фото влюбленной пары,79,готовые промты для фото пары,75,промт для фото вдвоем,64
4. Люди и отношения,Пары,Общие,/promty-foto-pary-primery/,leaf_split,5,217,промты для фото пары примеры,58,промт для фото парочек,44,готовые промты для парных фото,43,промт для фото семейной пары,39,промт для фото двоих детей,33
4. Люди и отношения,Пары,Общие,/promt-sovmestnogo-foto-muzhem/,leaf_split,5,141,промт для совместного фото с мужем,31,промты для фото в нейросети парные,30,промты для нейросети для совместного фото,29,промты для совместных фото пары,28,промт фото крупным планом для двоих,23
4. Люди и отношения,Пары,Общие,/promt-foto-pary-prirode/,leaf_split,5,103,промт для фото для пары на природе,22,промт текст для фото пары,22,промты для нейросети для фото пары готовые,21,промт для ии фото для двоих,20,промт романтичное фото пары,18
4. Люди и отношения,Пары,Общие,/promty-foto-pary-russkom/,leaf_split,5,59,промты для фото пары на русском,15,промт для ии фото вдвоем,13,промты для парных фото примеры,11,промт для совместного фото мамы и дочки,10,промт для совместного фото с подругой,10
4. Люди и отношения,Пары,Общие,/promt-angliyskom-foto-pary/,leaf_split,5,35,промт на английском для фото пары,8,промт на фото чат парное фото,7,промты для совместных фото с другом,7,промты для фото пожилой пары весенние описание,7,промт для совместного фото с братом,6
4. Люди и отношения,Пары,Общие,/promt-foto-babushka-dedushka-vdvoem/,leaf_split,2,11,промт для фото бабушка и дедушка вдвоем,6,промт бабушка и дедушка фото вдвоем нейросеть,5,,,,,,
4. Люди и отношения,Пары,Реалистичное,/promt-realistichnoy-foto-pary/,leaf,1,18,промт для реалистичной фото пары,18,,,,,,,,
4. Люди и отношения,Пары,С машиной,/promt-foto-pary-mashine/,leaf,2,64,промт для фото пары в машине,56,готовый промт для фото пары в машине,8,,,,,,
4. Люди и отношения,Пары,Свадьба,/promt-svadebnogo-foto-pary/,leaf,1,13,промт для свадебного фото пары,13,,,,,,,,
4. Люди и отношения,Пары,Студийное,/promt-foto-pary-studii/,leaf,3,41,промт для фото пары в студии,23,промт на студийное фото пары,12,промт на парные фото студийная съемка,6,,,,
4. Люди и отношения,Пары,Черно-белое,/promt-cherno-beloe-foto-pary/,leaf,4,216,промт черно белое фото пары,161,промт для чб фото пары,36,промт для ии фото для пары чб,11,промты для парных чб фото,8,,
4. Люди и отношения,Поколения,В профиль,/promt-foto-pokoleniy-profil/,leaf,1,29,промт фото поколений в профиль,29,,,,,,,,
4. Люди и отношения,Поколения,В стиле,/promt-foto-stile-pokolenie/,leaf,1,12,промт для фото в стиле поколение,12,,,,,,,,
4. Люди и отношения,Поколения,На черном фоне,/foto-pokoleniy-chernom-fone-promt/,leaf,1,117,фото поколений на черном фоне промт,117,,,,,,,,
4. Люди и отношения,Поколения,Общие,/promt-foto-pokoleniy/,leaf,3,1039,промт для фото поколений,872,промт для ии фото поколений,96,промт для нейросети фото поколений,71,,,,
4. Люди и отношения,Поколения,Портрет,/promt-foto-portret-pokoleniy/,leaf,1,103,промт для фото портрет поколений,103,,,,,,,,
4. Люди и отношения,Поколения,Черно-белое,/promt-portret-pokoleniy-cherno-beloe-foto/,leaf,1,11,промт портрет поколений черно белое фото,11,,,,,,,,
4. Люди и отношения,С бабушкой,Общие,/promt-foto-babushki/,leaf,4,604,промт для фото бабушки,442,промт для фото бабушки с внуками,66,промт для фото бабушки и дедушки,64,промт для фото бабушки и внучки,32,,
4. Люди и отношения,С бабушкой,Портрет,/promt-foto-pokoleniya-portret-babushka-mat/,leaf,1,5,промт фото поколения портрет бабушка мать дочт,5,,,,,,,,
4. Люди и отношения,С дочкой,Общие,/promt-foto-docheryu/,leaf,4,749,промт фото с дочерью,330,промт для фото с дочкой,301,промт для ии фото с дочкой,64,промт для фото папа с дочкой,54,,
4. Люди и отношения,С мамой,Общие,/promt-foto-mamoy/,leaf_split,5,1838,промт для фото с мамой,1155,промт для фото мамы и сына,299,промты для фото мамы с дочкой,161,промты для ии фото с мамой,126,промт для фото мамы и папы,97
4. Люди и отношения,С мамой,Общие,/foto-mamy-vzrosloy-docheri-promt/,leaf_split,5,160,фото мамы и взрослой дочери промт,69,промт фото мамы с двумя детьми,33,промт фото мамы и взрослой дочки,31,фото ии с мамой и дочкой промты,17,красивые промт для фото мамы и дочери,10
4. Люди и отношения,С мамой,Общие,/foto-mamy-so-vzrosloy-dochkoy-promt/,leaf_split,1,7,фото мамы со взрослой дочкой промт,7,,,,,,,,
4. Люди и отношения,С мужем,В форме,/promt-foto-muzhem-voennym/,leaf,1,146,промт для фото с мужем военным,146,,,,,,,,
4. Люди и отношения,С мужем,Общие,/promty-foto-muzhem/,leaf,3,644,промты для фото с мужем,539,промт для ии фото с мужем,74,промты для нейросети фото с мужем,31,,,,
4. Люди и отношения,С папой,Общие,/promt-foto-papoy/,leaf,4,595,промт для фото с папой,324,промт для фото с отцом,181,ии промт фото с папой,80,промты на фото взрослой дочери с отцом,10,,
4. Люди и отношения,С парнем,В зеркале,/promt-foto-zerkale-parnem/,leaf,1,61,промт для фото в зеркале с парнем,61,,,,,,,,
4. Люди и отношения,С парнем,Общие,/promt-foto-parnem/,leaf,4,1337,промт для фото с парнем,1087,промты для ии фото с парнем,234,промты на генерирование фото с парнем,10,готовые промты для фото с парнем,6,,
4. Люди и отношения,С парнем,С машиной,/promt-foto-mashine-parnem/,leaf,1,31,промт на фото в машине с парнем,31,,,,,,,,
4. Люди и отношения,С парнем,Черно-белое,/promt-foto-cherno-beloe-parnem/,leaf,2,33,промт фото черно белое с парнем,27,промт для чб фото с парнем,6,,,,,,
4. Люди и отношения,С сыном,Общие,/promt-foto-synom/,leaf,1,384,промт для фото с сыном,384,,,,,,,,
4. Люди и отношения,С сыном,Черно-белое,/promt-foto-synom-chb/,leaf,1,9,промт на фото с сыном чб,9,,,,,,,,
4. Люди и отношения,Семья,23 февраля,/promty-23-fevralya-semeynaya-foto/,leaf,1,17,промты для 23 февраля семейная фото,17,,,,,,,,
4. Люди и отношения,Семья,В профиль,/promt-semeynogo-foto-profil/,leaf,3,318,промт для семейного фото в профиль,204,промт для фото семьи в профиль,100,промт для семейного фото боком,14,,,,
4. Люди и отношения,Семья,На черном фоне,/promt-semeynogo-foto-chernom-fone/,leaf,2,244,промт для семейного фото на черном фоне,163,промт для фото семьи на черном фоне,81,,,,,,
4. Люди и отношения,Семья,Новый год,/novogodniy-promt-semeynoe-foto/,leaf,1,10,новогодний промт семейное фото,10,,,,,,,,
4. Люди и отношения,Семья,Общие,/promt-semeynogo-foto/,leaf_split,5,3962,промт для семейного фото,2392,промт для фото семьи,829,промт для ии семейное фото,355,промт для фото родителей,221,промт для нейросети семейное фото,165
4. Люди и отношения,Семья,Общие,/promt-semeynogo-foto-detmi/,leaf_split,5,384,промт для семейного фото с детьми,136,промт для фото нейросети семья,74,промт семейное фото поколений,74,готовый промт для семейного фото,56,промт для фото мама папа сын,44
4. Люди и отношения,Семья,Общие,/primery-promtov-semeynogo-foto/,leaf_split,5,109,примеры промтов для семейного фото,24,фото с родителями промт ии,24,промт для фото семьи поколений,23,промт для семейного фото из 4 человек,22,промт для фото большой семьи,16
4. Люди и отношения,Семья,Общие,/promt-foto-semi-chelovek/,leaf_split,5,58,промт для фото семьи 5 человек,16,промт для семейного фото из 5 человек,12,семейное фото голова на голове промт,12,промт для группового семейного фото,9,промт фото как для холста семьи,9
4. Люди и отношения,Семья,Общие,/promt-semeynoe-foto-23e-fevralya/,leaf_split,1,5,промт на семейное фото 23е февраля,5,,,,,,,,
4. Люди и отношения,Семья,Портрет,/promt-foto-semeynyy-portret/,leaf,1,33,промт на фото семейный портрет,33,,,,,,,,
4. Люди и отношения,Семья,Студийное,/promt-studiynogo-semeynogo-foto/,leaf,2,50,промт для студийного семейного фото,37,промт для семейного фото в студии,13,,,,,,
4. Люди и отношения,Семья,Черно-белое,/promt-cherno-belogo-semeynogo-foto/,leaf,3,144,промт для черно белого семейного фото,55,семейная фото промт чб,53,промт на черно белое фото семьи,36,,,,
5. Стили,Disney,Общие,/promt-foto-disney/,leaf,1,202,промт фото дисней,202,,,,,,,,
5. Стили,GTA,Общие,/promt-foto-gta/,leaf,4,589,промт на фото гта,409,промт для ии фото гта,117,промт для фото нейросети гта,41,промт на фото гта сан андреас,22,,
5. Стили,Love Is,Общие,/promt-foto-love-is/,leaf_split,5,884,промт для фото love is,632,промт для фото лав ис,159,промт для ии фото love is,54,промт для открытки love is по фото,21,промт для ии фото лав ис,18
5. Стили,Love Is,Общие,/promt-foto-laviz/,leaf_split,1,5,промт на фото лавиз,5,,,,,,,,
5. Стили,Аниме,Общие,/promt-anime-foto/,leaf,3,295,промт для аниме фото,267,промты для ии фото аниме,22,промт текст для фото в аниме стиле,6,,,,
5. Стили,Деловое,В костюме,/promt-foto-delovom-kostyume/,leaf,1,111,промт для фото в деловом костюме,111,,,,,,,,
5. Стили,Деловое,Общие,/promt-delovogo-foto/,leaf_split,5,1153,промт для делового фото,672,промт для фото в деловом стиле,215,промт для офисного фото,156,промт для ии деловое фото,64,промт для фото в офисном стиле,46
5. Стили,Деловое,Общие,/promt-muzhskogo-delovogo-foto/,leaf_split,3,43,промт для мужского делового фото,24,промт для фото делового стиля в офисе,11,промт для ии фото делового мужского,8,,,,
5. Стили,Мультяшное,В форме,/promt-sdelat-svoe-foto-multyashnom-stile/,leaf,1,7,промт сделать свое фото в мультяшном стиле,7,,,,,,,,
5. Стили,Мультяшное,Общие,/promt-multyashnoe-foto/,leaf,2,351,промт на мультяшное фото,224,промт для фото в мультяшном стиле,127,,,,,,
5. Стили,Открытка,23 февраля,/promt-foto-otkrytki-23-fevralya/,leaf,1,209,промт для фото открытки с 23 февраля,209,,,,,,,,
5. Стили,Открытка,8 марта,/promt-otkrytka-marta-foto/,leaf,1,48,промт открытка на 8 марта по фото,48,,,,,,,,
5. Стили,Открытка,9 мая,/promt-foto-otkrytka-maya/,leaf,1,6,промт фото открытка на 9 мая,6,,,,,,,,
5. Стили,Открытка,Новый год,/promt-foto-novogodnyaya-otkrytka/,leaf,1,43,промт фото новогодняя открытка,43,,,,,,,,
5. Стили,Открытка,Общие,/promt-otkrytki-foto/,leaf,2,306,промт для открытки из фото,197,промты для ии фото открытки,109,,,,,,
5. Стили,Полароид,Общие,/promt-foto-polaroid/,leaf_split,5,402,промт для фото полароид,333,промт для ии фото на полароид,31,промт для нейросети фото полароид,17,промт на фото в фотобудке,14,фото с кумиром на полароид промт,7
5. Стили,Полароид,Общие,/promt-polaroidnyh-foto/,leaf_split,1,5,промт для полароидных фото,5,,,,,,,,
5. Стили,Полароид,Со знаменитостью,/promt-foto-so-znamenitostyu-polaroid/,leaf,2,96,промт для фото со знаменитостью полароид,84,промт на фото с знаменитостью полароида,12,,,,,,
5. Стили,Портрет,Общие,/promt-foto-portreta/,leaf_split,5,1882,промт для фото портрета,1063,промт для портретного фото,515,промт для ии фото портрет,141,промт студийное фото портрет,111,промт для фото нейросети портрет,52
5. Стили,Портрет,Общие,/promty-ii-portretnye-foto/,leaf_split,3,89,промты для ии портретные фото,44,промты для фото красивый портрет,40,промт для фото четкий детальный портрет,5,,,,
5. Стили,Реалистичное,Общие,/realistichnye-promty-foto/,leaf_split,5,1991,реалистичные промты для фото,1696,промты для ии для реалистичных фото,159,промты для максимально реалистичных фото,53,реалистичное фото промт с описанием,47,промты для реалистичных фото в нейросети,36
5. Стили,Реалистичное,Общие,/promt-fotorealistichnoe-foto-temnoy-studii/,leaf_split,5,102,промт фотореалистичное фото в темной студии,26,промт чтобы сделать реалистичное фото,26,готовые промты для реалистичных фото,25,промт для пар реалистичные фото,18,промт для реалистичной фото как настоящая,7
5. Стили,Реалистичное,С котом,/fotorealistichnoe-foto-koshki-cheloveka-promt/,leaf,1,18,фотореалистичное фото кошки и человека промт,18,,,,,,,,
5. Стили,Ретро,8 марта,/vintazhnoe-foto-marta-promt/,leaf,1,8,винтажное фото на 8 марта промт,8,,,,,,,,
5. Стили,Ретро,Общие,/retro-foto-promt/,leaf,3,733,ретро фото промт,324,винтажное фото промт,220,промт для фото в ретро стиле,189,,,,
5. Стили,Селфи,Общие,/promty-foto-selfi/,leaf,2,272,промты для фото селфи,263,промты для ии фото селфи на пляже,9,,,,,,
5. Стили,Советское / СССР,23 февраля,/promt-foto-sovetskoe-23-fevralya/,leaf,1,49,промт на фото советское 23 февраля,49,,,,,,,,
5. Стили,Советское / СССР,Новый год,/promty-novogodnie-sovetskie-foto/,leaf,3,43,промты новогодние советские фото,17,промт новогоднее фото ссср,14,новогоднее фото в советском стиле промт,12,,,,
5. Стили,Советское / СССР,Общие,/sovetskoe-foto-promt/,leaf_split,5,949,советское фото промт,422,промт фото ссср,210,промт для фото в советском стиле,162,промт для фото советская открытка,119,промт для фото открытки ссср,36
5. Стили,Советское / СССР,Общие,/promt-ii-sovetskoe-foto/,leaf_split,2,42,промт для ии советское фото,26,промт советское фото нейросеть,16,,,,,,
5. Стили,Студийное,В форме,/promty-foto-voennym-studii/,leaf,1,11,промты для фото с военным в студии,11,,,,,,,,
5. Стили,Студийное,Общие,/promt-studiynogo-foto/,leaf,5,1377,промт для студийного фото,873,промт для фото в студии,366,промт для фото ии студийное,103,промт для нейросети фото в студии,28,промты на студийные фото девушек обычные,7
5. Стили,Студийное,С питомцем,/promt-studiynoe-foto-pitomtsa/,leaf,1,13,промт студийное фото питомца,13,,,,,,,,
5. Стили,Черно-белое,Общие,/promt-cherno-beloe-foto/,leaf_split,5,2770,промт черно белое фото,2130,промт на чб фото,253,черно белое фото ии промт,219,черно белое фото нейросеть промт,92,промт чб фото для ии,76
5. Стили,Черно-белое,Общие,/chb-promt-foto-par/,leaf_split,5,100,чб промт фото пар,52,промты для студийных фото черно белые,25,промт для стильного черно белого фото,9,промт для парной фото чб,8,готовый промт для нейросети фото монохром,6
5. Стили,Черно-белое,С котом,/promt-cherno-beloe-foto-kotom/,leaf,1,12,промт черно белое фото с котом,12,,,,,,,,
5. Стили,Черно-белое,С собакой,/promt-foto-sobakoy-chb/,leaf,1,6,промт для фото с собакой в чб,6,,,,,,,,
6. События,14 февраля,В стиле,/promt-foto-stile-14-fevralya/,leaf,1,54,промт для фото в стиле 14 февраля,54,,,,,,,,
6. События,14 февраля,Общие,/promt-foto-14-fevralya/,leaf,3,735,промт для фото на 14 февраля,692,промты для ии фото к 14 февраля,27,примеры промты фото к 14 февраля,16,,,,
6. События,23 февраля,В форме,/promt-foto-23-fevralya-voennyy/,leaf,3,107,промт для фото 23 февраля военный,87,промты для фото 23 февраля моряки,14,промт с 23 февраля по фото сво,6,,,,
6. События,23 февраля,Общие,/promt-foto-23-fevralya/,leaf,3,2028,промт для фото на 23 февраля,1576,ии промты для фото 23 февраля,341,промт для фото поздравления с 23 февраля,111,,,,
6. События,8 марта,Общие,/promt-foto-marta/,leaf,3,807,промт для фото на 8 марта,777,промт на фото подруг на 8 марта,17,готовый промт для фото к 8 марта,13,,,,
6. События,День рождения,Общие,/promt-foto-den-rozhdeniya/,leaf_split,5,2783,промт для фото на день рождения,2149,промт для ии фото на день рождения,293,промт для фото на др,213,промт для фото нейросети на день рождения,102,промт для ии фото на др,26
6. События,День рождения,Общие,/idei-foto-dnem-rozhdeniya-ii-promty/,leaf_split,1,6,идеи фото с днем рождения ии промты,6,,,,,,,,
6. События,Масленица,В стиле,/promt-foto-stile-maslenitsy/,leaf,1,102,промт для фото в стиле масленицы,102,,,,,,,,
6. События,Масленица,Общие,/promt-foto-maslenitsu/,leaf,4,661,промт для фото на масленицу,509,промты для фото ии на масленицу,89,промт для фото нейросети масленица,57,создать промт для фото масленица,6,,
6. События,Новый год,В стиле,/foto-stile-novogodney-otkrytki-promt/,leaf,2,21,фото в стиле новогодней открытки промт,14,промт новогоднее фото в стиле ссср,7,,,,,,
6. События,Новый год,Общие,/promt-foto-novogodnyaya/,leaf_split,5,227,промт фото новогодняя,141,промт фото новый год,55,создать новогоднее фото промт,12,промт на фото в новогоднем стиле,11,промт на фото китайский новый год,8
6. События,Новый год,Общие,/novogodnie-foto-ii-promty/,leaf_split,1,6,новогодние фото ии промты,6,,,,,,,,
6. События,Свадьба,Общие,/promt-svadebnogo-foto/,leaf_split,5,684,промт для свадебного фото,412,промт для фото свадьбы,129,промт для свадебного фото ии,75,промт для фото в свадебном платье,40,промт для фото на годовщину свадьбы,28
6. События,Свадьба,Общие,/promt-neyroseti-svadebnoe-foto/,leaf_split,5,61,промт для нейросети свадебное фото,24,промт для фото нейросети свадьба,15,промт для ии для фото свадьбы,8,промт для свадебного фото старого,7,промты для свадебных зимних фото,7
7. Сцены и объекты,В горах,Общие,/promt-foto-gorah/,leaf,5,191,промт для фото в горах,133,промт для фото горнолыжный,36,промт для фото на горнолыжном курорте,8,промт для фото с макгрегором,8,промт для фото с демогоргон,6
7. Сцены и объекты,В зеркале,Общие,/promt-foto-zerkale/,leaf,2,513,промт для фото в зеркале,433,промт для ии фото в зеркале,80,,,,,,
7. Сцены и объекты,В костюме,Общие,/promt-foto-kostyume/,leaf,3,646,промт для фото в костюме,623,промт для фото в хиджабе,14,промт для фото в горнолыжном костюме,9,,,,
7. Сцены и объекты,В лесу,Общие,/promt-foto-lesu/,leaf,3,393,промт для фото в лесу,257,промт для фото в зимнем лесу,98,промт для фото в заснеженном лесу,38,,,,
7. Сцены и объекты,В профиль,Общие,/promt-foto-profil/,leaf,4,614,промт для фото в профиль,511,промт для ии фото в профиль,60,промт на фото семью боком,30,промт для фото в профиль 3 человек,13,,
7. Сцены и объекты,В форме,В стиле,/promt-foto-stile-svo/,leaf,1,17,промт фото в стиле сво,17,,,,,,,,
7. Сцены и объекты,В форме,Общие,/promt-foto-voennym/,leaf_split,5,2231,промт для фото с военным,665,промт для фото в форме,576,промт со своим фото,486,промт для фото в военной форме,271,промт для фото сво,233
7. Сцены и объекты,В форме,Общие,/promt-neyroseti-voennyy-foto/,leaf_split,5,316,промт для нейросети военный для фото,126,промты для ии фото с военным,89,промт для фото полицейского,44,промт фото в полицейской форме,40,промт для фото в форме полиции,17
7. Сцены и объекты,В форме,Общие,/promty-foto-uchastnikami-svo/,leaf_split,5,72,промты для фото с участниками сво,16,промты фото ии военная тематика,16,промт для фото в медицинской форме,14,промт фото хоккеиста,13,промты фото с погибшим на сво,13
7. Сцены и объекты,В форме,Общие,/promt-foto-voennogo-ego-zheny/,leaf_split,4,33,промт для фото военного и его жены,9,промт прикладываю свое фото и описание,9,промт фото с военным на небесах,9,промт на фото военного в день рождение,6,,
7. Сцены и объекты,На море,Общие,/promt-foto-more/,leaf,4,250,промт фото на море,176,промт фото на байкале,43,промт для фото на льду байкала,17,промт для фото на мальдивах,14,,
7. Сцены и объекты,На черном фоне,Общие,/promt-foto-chernom-fone/,leaf,1,413,промт для фото на черном фоне,413,,,,,,,,
7. Сцены и объекты,С котом,Общие,/promt-foto-kotom/,leaf,5,616,промт для фото с котом,316,промт для фото с кошкой,212,промт фото ии с котом,53,промт для ии фото с кошкой,20,промт для фото нейросети с котом,15
7. Сцены и объекты,С крыльями / ангел,В стиле,/promt-foto-stile-angela/,leaf,1,14,промт для фото в стиле ангела,14,,,,,,,,
7. Сцены и объекты,С крыльями / ангел,Общие,/promt-foto-angela/,leaf,5,376,промт для фото ангела,234,промт для фото ии ангел,46,промт на фото с крыльями,41,промт для фото с крыльями ангела,40,промт для фото с ангельскими крыльями,15
7. Сцены и объекты,С машиной,Общие,/promty-foto-mashinoy/,leaf_split,5,2034,промты для фото с машиной,921,промты для ии фото машины,396,промт для фото автомобиля,330,промт для фото авто,255,промт для фото нейросети для машины,132
7. Сцены и объекты,С машиной,Общие,/promt-krasivogo-foto-mashiny/,leaf_split,5,192,промт для красивого фото машины,52,промты крутых фото машины,43,промт для зимней фото машины,38,промт для фото машины в зеркале,36,промт для нейросети для фото автомобиля,23
7. Сцены и объекты,С машиной,Общие,/promt-foto-so-svoey-mashinoy/,leaf_split,5,96,промт для фото со своей машиной,23,промты для фото человека с машиной,22,готовые промты для фото с машиной,20,промты для крутых фото авто,18,промт для фото машины с дпс,13
7. Сцены и объекты,С машиной,Общие,/promty-ii-foto-avto/,leaf_split,3,28,промты для ии фото авто,13,промт на ии красивое фото с авто,9,промты фото машинв своей,6,,,,
7. Сцены и объекты,С питомцем,Общие,/promt-foto-pitomtsem/,leaf_split,5,713,промт для фото с питомцем,406,промт для фото с животными,204,промт для ии фото с питомцем,66,промты для ии фото с животными,20,промт для фото с домашним питомцем,17
7. Сцены и объекты,С питомцем,Общие,/ii-foto-so-svoim-pitomtsem-promt/,leaf_split,3,34,ии фото со своим питомцем промт,14,промт для фото с домашним животным,10,промт для фото со своим питомцем,10,,,,
7. Сцены и объекты,С собакой,Общие,/promt-foto-sobakoy/,leaf,5,619,промт для фото с собакой,526,промт для ии фото с собакой,59,промт для фото со своей собакой,15,промт для нейросети фото с собакой,12,тренд с собакой фото промт,7
7. Сцены и объекты,С тортом,Общие,/promt-foto-tortom/,leaf,3,602,промт на фото с тортом,540,промт для фото нейросети торта,43,промт для фото тортика,19,,,,
7. Сцены и объекты,С цветами,Общие,/promt-foto-tsvetami/,leaf_split,5,1412,промт для фото с цветами,641,промт для фото с букетом,318,промт для фото с тюльпанами,293,промт для фото с букетом цветов,92,промт для фото с розами,68
7. Сцены и объекты,С цветами,Общие,/krasivye-foto-tsvetov-promt/,leaf_split,5,159,красивые фото цветов промт,41,промт для ии фото с букетом,32,промты для ии фото с тюльпанами,32,промт фото в мимозах,30,промт фото детей с цветами,24
7. Сцены и объекты,С цветами,Общие,/promt-vesennego-foto-tyulpanami/,leaf_split,3,32,промт для весеннего фото с тюльпанами,21,промт на весеннюю фото с мимозой,6,промт для фото сессии платье из цветов,5,,,,
7. Сцены и объекты,Со знаменитостью,Общие,/promt-foto-so-znamenitostyu/,leaf_split,5,1196,промт для фото со знаменитостью,586,промт для фото с путиным,304,промт для фото со звездой,144,промт для фото с знаменитостью,99,промт на фото с чебурашкой,63
7. Сцены и объекты,Со знаменитостью,Общие,/foto-so-znamenitostyu-ii-promt/,leaf_split,5,214,фото со знаменитостью ии промт,48,промт для ии фото с путиным,47,промт для ии фото со звездой,42,промт для фото с президентом,40,промт фото с путиным в госдуме,37
7. Сцены и объекты,Со знаменитостью,Общие,/promt-foto-zvezdoy/,leaf_split,5,111,промт фото с звездой,30,промт для фото с чебурашкой на льду,24,промт для фото со знаменитостью на улице,23,промт для нейросети фото со знаменитостью,20,промт для фото с роналду,14
7. Сцены и объекты,Со знаменитостью,Общие,/promt-foto-neyroseti-zvezda/,leaf_split,4,32,промт для фото нейросети звезда,10,промт для нейросети для фото со звездой,8,промты для ии фото с знаменитости,8,промт для ии фото с чебурашкой,6,,
8. База промтов,Общие промты,Общие,/promty-foto/,leaf_split,5,166563,промты для фото,131030,промты для фото ии,19822,промт для фото в стиле,6619,готовые промты для фото,4888,пример промта для фото,4204
8. База промтов,Общие промты,Общие,/promty-foto-neyroseti/,leaf_split,5,14382,промты для фото в нейросети,3563,промты для фото человека,3286,промты для фото пар,2754,подробный промт для фото,2533,фото по промту бесплатно,2246
8. База промтов,Общие промты,Общие,/promty-krasivyh-foto/,leaf_split,5,8212,промты для красивых фото,2035,промт для парного фото,1791,промты для фото на русском,1664,промт по фото онлайн,1436,промт для нейросети готовые для фото,1286
8. База промтов,Общие промты,Общие,/promt-tekst-foto/,leaf_split,5,5608,промт текст для фото,1273,промты для фото в чат,1218,промт через фото,1145,промт по изображению фото,1052,промты фото девушек нейросетей,920
8. База промтов,Общие промты,Общие,/krutye-promty-foto/,leaf_split,5,3718,крутые промты для фото,868,ии стиль фото промты,742,промты для фото на русском языке,734,смешные промты для фото,693,промт на основе фото,681
8. База промтов,Общие промты,Общие,/promt-foto-neyroseti-primery/,leaf_split,5,3327,промт для фото нейросети примеры,680,готовые промты для ии фото,677,лучшие промты для фото,675,промт для фото в стиле гта,667,описание промта по фото,628
8. База промтов,Общие промты,Общие,/promt-pod-foto/,leaf_split,5,2803,промт под фото,593,фото для пар ии промты,567,промт для весеннего фото,555,промт по фото онлайн бесплатно,554,интересные промты для фото,534
8. База промтов,Общие промты,Общие,/foto-ii-promty/,leaf_split,5,2421,фото через ии промты,518,промты для фото персонаж,502,фото про промту,489,промты для трендовых фото,460,подробный промт для фото с описанием,452
8. База промтов,Общие промты,Общие,/idei-promtov-foto/,leaf_split,5,1989,идеи промтов для фото,433,прикольные промты для фото,406,разные промты для фото,405,детализированный промт для фото,374,промт для фото в стиле love is,371
8. База промтов,Общие промты,Общие,/promt-foto-neyroseti-par/,leaf_split,5,1752,промт для фото нейросети для пар,359,фото ракурсы для промтов,355,промты для фото на английском,354,промты для красивых фото ии,346,промты для фото ии на русском,338
8. База промтов,Общие промты,Общие,/ii-foto-promtu-besplatno/,leaf_split,5,1545,ии фото по промту бесплатно,330,естественные промты для фото,316,промты для фото тг,310,промт для фото нейросети человека,296,промты для ai фото,293
8. База промтов,Общие промты,Общие,/promty-stilnyh-foto/,leaf_split,5,1312,промты для стильных фото,283,промт фото в стиле открытки,276,как писать промт для фото,253,промт для фото в русском стиле,251,фото через нейросеть промт,249
8. База промтов,Общие промты,Общие,/detalnyy-promt-foto/,leaf_split,5,1152,детальный промт по фото,246,промт на зимнее фото,240,классные промты для фото,231,короткие промты для фото,219,бот промт по фото,216
8. База промтов,Общие промты,Общие,/promty-foto-telegram/,leaf_split,5,1036,промты для фото телеграм,213,промт для фото двух людей,209,промты для групповых фото,207,промт для фото по картинке,205,промт для фото мама и дочь,202
8. База промтов,Общие промты,Общие,/promt-kachestvennogo-foto/,leaf_split,5,985,промт для качественного фото,200,промты для фото в белье,199,крутые промты для нейросети для фото,198,трендовые промты для ии фото,195,промт на фото глаз,193
8. База промтов,Общие промты,Общие,/promty-krupnyh-foto/,leaf_split,5,928,промты для крупных фото,188,промты для романтических фото,188,промт шаблон для фото,185,какой промт написать для фото,184,топ промты для фото,183
8. База промтов,Общие промты,Общие,/promty-trend-foto/,leaf_split,5,893,промты тренд для фото,181,промт для аи фото,179,промт для фото мужа и жены,179,промт для фото дома,177,промт для фото на день святого валентина,177
8. База промтов,Общие промты,Общие,/promty-neyroseti-foto-besplatno/,leaf_split,5,829,промты для нейросети для фото бесплатно,174,промт для фото на карусели,166,составить промт по фото,164,промты для домашних фото,163,промт для фото с короной,162
8. База промтов,Общие промты,Общие,/promt-foto-beremennoy/,leaf_split,5,789,промт для фото беременной,161,промт для фото лов ис,158,смешные промты для нейросети фото,158,промт тексты для ии фото,157,промты для фото супергерои,155
8. База промтов,Общие промты,Общие,/promt-foto-vesna/,leaf_split,5,742,промт для фото весна,151,промт на фото зимой,150,промт для замены фона на фото,149,промт для соединения фото,148,промт для реального фото,144
8. База промтов,Общие промты,Общие,/promt-foto-stile-anime/,leaf_split,5,673,промт для фото в стиле аниме,139,промты для нейронки фото,134,промты для нейросети для фото парня,134,промт для фото в полный рост,133,промт для фото на улице,133
8. База промтов,Общие промты,Общие,/promt-foto-ochen-strannye-dela/,leaf_split,5,659,промт для фото очень странные дела,133,промт для фото с сестрой,133,промт для официального фото,132,промт для фото на природе,131,промт для фото на небесах,130
8. База промтов,Общие промты,Общие,/promty-zhivyh-foto/,leaf_split,5,623,промты для живых фото,127,промт для фото в нижнем белье,126,промт для фото валентинки,126,промт для фото в поле,122,промт для фото варианты,122
8. База промтов,Общие промты,Общие,/sozdat-promt-neyroseti-foto/,leaf_split,5,597,создать промт для нейросети по фото,121,фото на закате промт,120,образец промтов для фото,119,промт фото в стиле 90,119,промты для алисы ai фото,118
8. База промтов,Общие промты,Общие,/promty-foto-prostye/,leaf_split,5,579,промты для фото простые,118,канал с промтами для фото,117,написать промт для нейросети по фото,116,промт для фото учителя,114,промт фото отца и дочери,114
8. База промтов,Общие промты,Общие,/promt-foto-pidzhake/,leaf_split,5,550,промт для фото в пиджаке,113,промт на фото с сердечками,111,промты для откровенных фото,111,промт для фото с любимым,108,рабочие промты для фото,107
8. База промтов,Общие промты,Общие,/idei-promtov-foto-ii/,leaf_split,5,518,идеи промтов для фото ии,105,промт для фото брата и сестры,105,промт для нейросети для красивого фото,104,необычные промты для фото,102,промт для фото лав из,102
8. База промтов,Общие промты,Общие,/pravilno-pisat-promty-foto/,leaf_split,5,500,как правильно писать промты для фото,101,описать промт по фото,101,промт для midjourney фото,101,промт для фото в лифте,99,промт для фото на пляже,98
8. База промтов,Общие промты,Общие,/promt-foto-kosmetologa/,leaf_split,5,479,промт для фото косметолога,97,прикольные промты для фото ии,96,промт для фото с женой,96,подробный промт для фото примеры,95,промт для фото узи,95
8. База промтов,Общие промты,Общие,/promt-romantichnoe-foto/,leaf_split,5,469,промт романтичное фото,95,промт для замены человека на фото,94,промт для фото папа и сын,94,написание промтов по фото,93,промт для брутального фото,93
8. База промтов,Общие промты,Общие,/opisat-foto-promta-ii/,leaf_split,5,455,как описать фото для промта ии,92,промт для фото лов из,92,лучшие промты для ии фото,91,промт на фото с поцелуями,91,популярные промты для нейросети фото,89
8. База промтов,Общие промты,Общие,/promt-foto-pamyatnik/,leaf_split,5,440,промт для фото на памятник,89,интересные промты для нейросети фото,88,промт для фильтра фото,88,промт для фото 90х,88,промт для фото с собой маленькой,87
8. База промтов,Общие промты,Общие,/promt-kollazh-foto/,leaf_split,5,431,промт на коллаж из фото,87,промт на нежное фото,87,промт для фото ногтей,86,промт чтобы добавить человека на фото,86,промт для фото в стиле ссср,85
8. База промтов,Общие промты,Общие,/promty-krutyh-foto-ii/,leaf_split,5,417,промты для крутых фото ии,85,промт для фото день защитника отечества,84,промты фото в стиле игр,84,промты для фото в нейросети на русском,83,промт для фото описание внешности,81
8. База промтов,Общие промты,Общие,/promty-foto-kiberpank/,leaf_split,5,400,промты для фото киберпанк,81,промт для гига чата для фото,80,промты для фото бьюти мастеров,80,промты для фото гигачат,80,промт для фото в зале,79
8. База промтов,Общие промты,Общие,/promt-foto-snegu/,leaf_split,5,388,промт фото в снегу,78,промты для работы с фото,78,промты фото с телефона,78,детализированный промт для фото примеры,77,промт для фото с умершим человеком,77
8. База промтов,Общие промты,Общие,/skachat-promt-foto/,leaf_split,5,382,скачать промт для фото,77,смешные промты для ии фото,77,готовые примеры промтов фото,76,промт для фото штрафа,76,фото детей готовые промт,76
8. База промтов,Общие промты,Общие,/promt-soedineniya-dvuh-foto/,leaf_split,5,375,промт для соединения двух фото,75,промт для фото в очках,75,промт для фото красным фоном,75,промт для фото с дедушкой,75,промт для фото с медведем,75
8. База промтов,Общие промты,Общие,/promt-ii-osnove-foto/,leaf_split,5,368,промт для ии на основе фото,74,промт фото с кругом,74,промты для фото вместе,74,промт для весеннего фото для ии,73,промт для фото в стиле гарри поттера,73
8. База промтов,Общие промты,Общие,/promt-foto-shube/,leaf_split,5,360,промт для фото в шубе,73,промт для фото с блинами,73,промт для фото в фотостудии,72,промт для вязаного фото,71,промт для фото в стиле советской открытки,71
8. База промтов,Общие промты,Общие,/promt-foto-dvuh-podrug/,leaf_split,5,352,промт для фото двух подруг,71,промты для фото вк,71,какие есть промты для фото,70,промт для фото в стиле 90х,70,промт для фото разных людей,70
8. База промтов,Общие промты,Общие,/promt-foto-knigoy/,leaf_split,5,342,промт для фото с книгой,70,фото ии промт телеграм,70,промты для фото в телеграмме,68,промт для фото лего,67,промт для фото на загранпаспорт,67
8. База промтов,Общие промты,Общие,/promty-ii-foto-tg/,leaf_split,5,331,промты для ии фото тг,67,как описать фото для точного промта ии,66,промт в описание ии для фото,66,промт для описания фото с примерами,66,промт для фото папа и дочь,66
8. База промтов,Общие промты,Общие,/podrobnyy-promt-analiza-foto/,leaf_split,5,324,подробный промт для анализа фото,65,промт для добавления человека на фото,65,промт на фото 2026,65,промты для фото в разных стилях,65,бесплатный бот для промтов фото,64
8. База промтов,Общие промты,Общие,/pisat-promty-neyroseti-foto/,leaf_split,5,320,как писать промты для нейросети фото,64,найти промт по фото,64,промт для фото в стиле гта 5,64,промт для фото в стиле лав ис,64,промт фото с актером,64
8. База промтов,Общие промты,Общие,/promty-odivleniya-foto/,leaf_split,5,315,промты для одивления фото,64,лучшие промты для нейросети для фото,63,промт для фото с эпштейном,63,промт ии фото глаз,63,промт для карикатуры фото,62
8. База промтов,Общие промты,Общие,/promt-kollektivnogo-foto/,leaf_split,5,309,промт для коллективного фото,62,промт для фото в кафе,62,промт для фото в шаре,62,промты для нейро фото,62,промт для фото в стиле киберпанк,61
8. База промтов,Общие промты,Общие,/foto-ii-papa-syn-promt/,leaf_split,5,301,фото ии папа сын промт,61,креативные промты для фото,60,миджорни промты для фото,60,промт для фото с укладкой,60,промт снежное фото,60
8. База промтов,Общие промты,Общие,/promt-foto/,leaf_split,5,294,промт для фото 3 на 4,59,промт для фото в ресторане,59,промт для фото за рулем,59,промты для стилизации фото,59,промт для детализированного описания фото,58
8. База промтов,Общие промты,Общие,/promt-foto-kokoshnike/,leaf_split,5,285,промт для фото в кокошнике,58,промт для фото с кумиром,58,промты на фото популярные,57,как детально описать фото для промта,56,промт для фото в госдуме,56
8. База промтов,Общие промты,Общие,/pridumat-promt-foto/,leaf_split,5,272,придумать промт по фото,55,промт фото на 30 лет,55,веселые промты для фото,54,промт для фото в стиле gta,54,промт для фото с братом,54
8. База промтов,Общие промты,Общие,/promty-foto-dpt/,leaf_split,5,266,промты для фото дпт,54,промты для фото ии детальное фото,54,промт для фото для 3 девушек,53,промт для фото чат жпт,53,генератор фото по промту бесплатно,52
8. База промтов,Общие промты,Общие,/promty-foto-kupalnike/,leaf_split,5,254,промты для фото в купальнике,52,промт для фото щека к щеке,51,промты дл фото,51,промт для мужских фото банан,50,промт для раздевания фото,50
8. База промтов,Общие промты,Общие,/promt-tantsa-foto/,leaf_split,5,248,промт для танца из фото,50,промт для фото с картиной,50,промт для фото с лошадью,50,взять промт с фото,49,описание промта по фото онлайн,49
8. База промтов,Общие промты,Общие,/primery-promtov-foto-dnya-rozhdeniya/,leaf_split,5,243,примеры промтов для фото дня рождения,49,промт фото с пионами,49,создать ии фото по промту бесплатно,49,промт для ии по фото примеры,48,промт для фото в стиле лав из,48
8. База промтов,Общие промты,Общие,/promt-obyatiya-foto/,leaf_split,5,238,промт объятия фото,48,промты для фото приколы,48,промты российские для фото,48,промт для фото двух девушек,47,промт инстаграм для фото,47
8. База промтов,Общие промты,Общие,/promt-foto-parizhe/,leaf_split,5,231,промт фото в париже,47,где брать промты для фото,46,промт для фото в ванной,46,промт для фото еды,46,промт поменять фон на фото,46
8. База промтов,Общие промты,Общие,/gotovye-promty-krasivyh-foto/,leaf_split,5,225,готовые промты для красивых фото,45,перевод фото в промт,45,промт для фото на удостоверение,45,промт для фото с двумя детьми,45,промты для гигачата фото,45
8. База промтов,Общие промты,Общие,/detalnyy-promt-foto-primery/,leaf_split,5,213,детальный промт для фото примеры,44,промты фото футбольные,44,промт на фото в стиле дисней,43,библиотека фото промтов,41,промт для фото беременности,41
8. База промтов,Общие промты,Общие,/promt-kalendar-foto/,leaf_split,5,203,промт календарь с фото,41,промт красивое женское фото,41,телеграм канал с промтами для фото,41,промт для фото на макбук,40,промты для фото отдых,40
8. База промтов,Общие промты,Общие,/ii-foto-promtu-besplatno-onlayn/,leaf_split,5,192,ии фото по промту бесплатно онлайн,39,промт для раскраски из фото,39,промт неоновое фото,39,промт на фото люби себя,38,промт для фото романтика,37
8. База промтов,Общие промты,Общие,/promt-foto-ii-avatarki/,leaf_split,5,181,промт фото ии для аватарки,37,популярные промты для ии фото,36,промт для фото острые козырьки,36,промт на фото кукла,36,промты образов для ии фото,36
8. База промтов,Общие промты,Общие,/uznat-promt-foto/,leaf_split,5,176,узнать промт по фото,36,подробное описание фото для промта примеры,35,промт готовый текст для фото,35,промт для фото с криком,35,промт для фото себя маленького и взрослого,35
8. База промтов,Общие промты,Общие,/promt-ubrat-cheloveka-foto/,leaf_split,5,174,промт убрать человека с фото,35,промт фото на сноуборде,35,промты для шикарных фото,35,прописать промт по фото,35,где брать промты для нейросети для фото,34
8. База промтов,Общие промты,Общие,/ii-delayuschaya-foto-promtu/,leaf_split,5,170,ии делающая фото по промту,34,ии обработать фото промт,34,промт для фото в бане,34,промт для фото в спортзале,34,промт для фото матери и дочери,34
8. База промтов,Общие промты,Общие,/promt-foto-rodstvennikami/,leaf_split,5,169,промт фото с родственниками,34,промты для фото qwen,34,промты доя фото,34,тг канал с промтами для фото,34,детализированный промт фото для нейросети примеры,33
8. База промтов,Общие промты,Общие,/promt-leshmeykera-foto/,leaf_split,5,165,промт для лешмейкера фото,33,промт для фото психолога,33,промт для фото с мотоциклом,33,промт на фото ведьмы,33,промт фото в стиле острые козырьки,33
8. База промтов,Общие промты,Общие,/promt-chtoby-soedinit-dva-foto/,leaf_split,5,162,промт чтобы соединить два фото,33,промты для естественных фото ии,33,промт для коллажа из 3 фото,32,промт для фото бот тг,32,промт для фото в балаклаве,32
8. База промтов,Общие промты,Общие,/promt-foto-igra-prestolov/,leaf_split,5,160,промт для фото игра престолов,32,промт для фото массажиста,32,промт для фото парикмахера,32,промты для фото джимини,32,промты для фуд фото,32
8. База промтов,Общие промты,Общие,/opisanie-kartinki-promt-foto/,leaf_split,5,154,описание картинки промт по фото,31,промт для фото в стиле пиксар,31,самые лучшие промты для фото,31,фото в стиле гта нейросеть промт,31,промт для зимней фото ии,30
8. База промтов,Общие промты,Общие,/promt-ii-foto-stile-gta/,leaf_split,5,149,промт для ии фото в стиле гта,30,промт для фото в японском стиле,30,промт для фото нейросети примеры готовые,30,промты для модельного фото,30,зимние промты для нейросети для фото,29
8. База промтов,Общие промты,Общие,/ii-promt-foto-ii-vk/,leaf_split,5,145,ии промт для фото ии вк,29,интересные промты для фото ии,29,промт для фото беременной текст,29,промт для фото в стиле полароид,29,промт для фото под дождем,29
8. База промтов,Общие промты,Общие,/promt-foto-tri-podrugi/,leaf_split,5,143,промт для фото три подруги,29,промты готовые для женских фото,29,промты для фото нейросеть тг,29,промт для грустного фото,28,промт для фото в стиле симпсонов,28
8. База промтов,Общие промты,Общие,/promt-foto-rybalke/,leaf_split,5,140,промт для фото на рыбалке,28,промт для фото спорт,28,промт на фото в обнимку,28,промт на фото отца и сына,28,промты для генерирования фото,28
8. База промтов,Общие промты,Общие,/promty-povsednevnyh-foto/,leaf_split,5,137,промты для повседневных фото,28,промты фото для нейросети телеграмм,28,промт анализ внешности по фото,27,промт для нейросети фото весенние,27,промт для фото с бмв,27
8. База промтов,Общие промты,Общие,/promt-foto-mihailom-krugom/,leaf_split,5,133,промт для фото с михаилом кругом,27,промт по фото онлайн бесплатно без регистрации,27,промт фото мама дочка и сын,27,ии промты для фото беременных,26,промт для фото в вечернем платье,26
8. База промтов,Общие промты,Общие,/promt-foto-tsenzury/,leaf_split,5,127,промт по фото без цензуры,26,промты для фэшн фото,26,короткие промты для ии фото,25,промт для драматического фото,25,промт для корпоративного фото,25
8. База промтов,Общие промты,Общие,/promt-rasshireniya-foto/,leaf_split,5,124,промт для расширения фото,25,промт для фото в старом стиле,25,промт для фото с дпс,25,промты мемы для фото,25,описание промт для красивой фото,24
8. База промтов,Общие промты,Общие,/promt-foto-stile-lov-is/,leaf_split,5,120,промт для фото в стиле лов ис,24,промт для фото ит,24,промт для фото любовь это,24,промт для фото с рыцарем,24,промт на фото лыжи,24
8. База промтов,Общие промты,Общие,/promt-foto-90/,leaf_split,5,118,промт фото из 90,24,промт чтобы заменить человека на фото,24,самые крутые промты для фото,24,ии генератор фото по промту,23,нейросеть для написания промтов по фото,23
8. База промтов,Общие промты,Общие,/promt-dvoynoe-foto/,leaf_split,5,115,промт двойное фото,23,промт для стикеров из фото,23,промт для фото в стиле лего,23,промт для фото в стиле русского богатыря,23,промт для фото с доберманом,23
8. База промтов,Общие промты,Общие,/promt-foto-chernoy-koronoy/,leaf_split,5,115,промт для фото с черной короной,23,промт для фото текст описание,23,промты для гемени для фото,23,промты для ии фото на английском,23,сайты с промтами для фото,23
8. База промтов,Общие промты,Общие,/promt-foto-stile-vedmy/,leaf_split,5,109,промт для фото в стиле ведьмы,22,промт для фото повара,22,промт для фото пожарного,22,угарные промты для фото,22,промт для нейросети для ии фото с,21
8. База промтов,Общие промты,Общие,/promt-foto-stile-zastavki-gta/,leaf_split,5,104,промт для фото в стиле заставки гта,21,промт для фото в стиле мультика,21,промты для нейросети для фото зима,21,телеграмм каналы промты для фото,21,промт для подбора стиля по фото,20
8. База промтов,Общие промты,Общие,/promt-foto-dvuh-sester/,leaf_split,5,100,промт для фото двух сестер,20,промт для фото для йоги,20,промт для фото мужского дня рождения,20,промт для фото пилота,20,промт для фото с юбилеем,20
8. База промтов,Общие промты,Общие,/promt-foto-sverhestestvennoe/,leaf_split,5,99,промт для фото сверхъестественное,20,промт для фото сына и матери,20,промт на коллаж из трех фото,20,промты для ии фото очень странные дела,20,варианты промтов для нейросети фото,19
8. База промтов,Общие промты,Общие,/promt-omolozheniya-foto/,leaf_split,5,95,промт для омоложения фото,19,промт для фото в дубае,19,промт для фото в стиле братц,19,промт для фото ведущего,19,промт для фото на холсте,19
8. База промтов,Общие промты,Общие,/promt-foto-chelovekom-paukom/,leaf_split,5,93,промт для фото с человеком пауком,19,промты из тт для фото,19,самые трендовые фото в нейросетях промты,19,готовый промт для шаржа по фото,18,ии промт для фото летние,18
8. База промтов,Общие промты,Общие,/opisanie-foto-promta-ii-primery/,leaf_split,5,90,описание фото для промта ии примеры,18,подробный промт для определения камеры по фото,18,промт для фото в зале суда,18,промт для фото в стиле миядзаки,18,промт для фото вов,18
8. База промтов,Общие промты,Общие,/promt-foto-dosku-pocheta/,leaf_split,5,90,промт для фото на доску почета,18,промт фото русской красавицы,18,промт фото с драконом,18,промты для фото боец ufc,18,промты для фото список,18
8. База промтов,Общие промты,Общие,/delat-promt-foto/,leaf_split,5,85,как делать промт по фото,17,классные промты для фото ии,17,промт для фото 2 сестер,17,промт для фото в стиле игры престолов,17,промт для фото дедушки с внуками,17
8. База промтов,Общие промты,Общие,/promt-foto-roddoma/,leaf_split,5,84,промт для фото из роддома,17,промты для ии фото с короной,17,промты для фото 3 подруг,17,промты снегурочка фото,17,готовые промты для фото нейросети бесплатно,16
8. База промтов,Общие промты,Общие,/ii-tanets-foto-promt/,leaf_split,5,80,ии танец по фото промт,16,нейросеть генерирующая фото по промту,16,промт для фото в зимнем стиле,16,промт для фото в стиле гта са,16,промт для фото двух парней,16
8. База промтов,Общие промты,Общие,/promt-foto-nyuborn/,leaf_split,5,80,промт для фото ньюборн,16,промт для фото с кипятком,16,промт для фото с персонажем в лифте,16,промт для фото с умершим папой,16,промт на ии фото учителя,16
8. База промтов,Общие промты,Общие,/promt-foto-molodym-chelovekom/,leaf_split,5,80,промт на фото с молодым человеком,16,промт фото в стиле крик,16,промты для атмосферных фото,16,текстовый промт для ии фото,16,тренды нейросетей фото промты,16
8. База промтов,Общие промты,Общие,/ii-napisaniya-promta-foto/,leaf_split,5,75,ии для написания промта по фото,15,как получить промт по фото,15,промт для фото в наручниках,15,промт для фото в стиле викингов,15,промт для фото на 4 человека,15
8. База промтов,Общие промты,Общие,/promt-foto-tsaritsa/,leaf_split,5,75,промт для фото царица,15,промт на фото с каплями,15,промт на фото с сигаретой,15,промты для ии фото с тик тока,15,промты для фото gemeni,15
8. База промтов,Общие промты,Общие,/promty-foto-vtroem/,leaf_split,5,73,промты для фото втроем,15,промты жля фото,15,фото на озере промт,15,как сделать промт для нейросети по фото,14,промт для ии коллаж из трех фото,14
8. База промтов,Общие промты,Общие,/promt-ochen-krasivyh-foto/,leaf_split,5,68,промт для очень красивых фото,14,промт для повторения фото примеры,14,фото ии промт крик,14,ai промт генератор из фото,13,как обработать фото по промту,13
8. База промтов,Общие промты,Общие,/pomenyat-foto-promtu/,leaf_split,5,65,поменять фото по промту,13,промт для фото rhode,13,промт для фото в стиле аватар,13,промт для фото в честь дня рождения,13,промт для фото с волком,13
8. База промтов,Общие промты,Общие,/promt-foto-elkoy/,leaf_split,5,65,промт для фото с елкой,13,промт фото в стиле 60,13,промт фото с пантерой,13,промты для фото с примерами пар,13,распознать промт с фото,13
8. База промтов,Общие промты,Общие,/klassnye-promty-neyroseti-foto/,leaf_split,5,60,классные промты для нейросети фото,12,промт для похудения на фото,12,промт для работы с фото и лицом,12,промт для фото в стиле бриджертоны,12,промт для фото в стиле дрим арт,12
8. База промтов,Общие промты,Общие,/promt-foto-moya-samaya-nadezhnaya-spina/,leaf_split,5,60,промт для фото моя самая надежная спина,12,промт для фото на пропуск,12,промт для фото неон,12,промт фото в скетч,12,промт фото на кладбище,12
8. База промтов,Общие промты,Общие,/promty-dzheminay-foto/,leaf_split,5,57,промты для джеминай фото,12,скачать промты для ии фото,12,какой промт можно написать для фото,11,промт для колоризации фото,11,промт для красивой зимней фото,11
8. База промтов,Общие промты,Общие,/promt-opisaniya-foto-obrazets/,leaf_split,5,55,промт для описания фото образец,11,промт для пар домашнее фото,11,промт для фото в сауне,11,промт для фото двух братьев,11,промт для фото на красной площади,11
8. База промтов,Общие промты,Общие,/promt-foto-neyroseti-valentinki/,leaf_split,5,55,промт для фото нейросети валентинки,11,промт для фото осд,11,промт для фото с икрой,11,промт для фото с месси,11,промт для фото со сноубордом,11
8. База промтов,Общие промты,Общие,/promt-foto-galeree/,leaf_split,5,55,промт на фото в галерее,11,промт на фото осеннее,11,промт фото в храме,11,промты фото ии полных девушек,11,шаблоны промтов для нейросетей с фото,11
8. База промтов,Общие промты,Общие,/opisat-foto-vide-promta/,leaf_split,5,50,как описать фото в виде промта,10,промт готовый для нейросети фото учителя,10,промт для ии фото герои кино,10,промт для ии фото макбук,10,промт для ии фото с дпс,10
8. База промтов,Общие промты,Общие,/promt-krasivogo-foto-russkom/,leaf_split,5,50,промт для красивого фото на русском,10,промт для фото генерала,10,промт для фото с геликом,10,промт фото в чат jpt,10,промт фото с подружками,10
8. База промтов,Общие промты,Общие,/promty-foto-rytsarey-ii/,leaf_split,5,49,промты для фото рыцарей ии,10,промты папа и дочь для создагия фото,10,промты с описанием для фото идеи,10,сделать промт описание по фото онлайн,10,где взять промты для фото,9
8. База промтов,Общие промты,Общие,/idei-foto-promtov-muzhskih/,leaf_split,5,45,идеи для фото промтов мужских,9,ии фото промты испания,9,каталог промтов для фото,9,мемные промты для фото,9,описание фото промт для нейросети примеры,9
8. База промтов,Общие промты,Общие,/promt-vyazannyh-foto/,leaf_split,5,45,промт для вязанных фото,9,промт для фото в позе медитации,9,промт для фото летчик,9,промт для фото на катке,9,промт для фото стюардесс,9
8. База промтов,Общие промты,Общие,/promt-ee-foto-galeree-kartina/,leaf_split,5,45,промт ее фото в галерее картина,9,промт на фото с жириновским,9,промт на фото со штрафом,9,промт сделать вязаное фото,9,промт фото из клуба,9
8. База промтов,Общие промты,Общие,/promt-foto-so-snegom/,leaf_split,5,45,промт фото со снегом,9,промт чтобы омолодить человека на фото,9,промты для креативного мужского фото,9,промты для наложения эффектов на фото,9,промты для пленочных фото,9
8. База промтов,Общие промты,Общие,/promty-foto-stile-kino/,leaf_split,5,42,промты для фото в стиле кино,9,промты для фото с гарри поттер,9,идеи промтов для фото для пар,8,промт для ии фото лов ис,8,промт для ии фото с лыжами,8
8. База промтов,Общие промты,Общие,/promt-foto-stile-lovis/,leaf_split,5,40,промт для фото в стиле ловис,8,промт для фото в стиле ньюборн,8,промт для фото на хэллоуин,8,промт для фото с конем,8,промт на вязаное фото для капкат,8
8. База промтов,Общие промты,Общие,/promt-foto-pozhilyh-lyudey/,leaf_split,5,40,промт на фото пожилых людей,8,промт фото с футболистом,8,промты для фото российского офицера в нейросети,8,промты доч фото,8,промты на английском для фото пар,8
8. База промтов,Общие промты,Общие,/promty-nv-foto/,leaf_split,5,36,промты нв фото,8,готовые промты для фото в нейросети шаблоны,7,как написать подробный промт для описания фото,7,промт для фото баскетболиста,7,промт для фото в кинозале,7
8. База промтов,Общие промты,Общие,/promt-foto-stile-gta/,leaf_split,5,35,промт для фото в стиле гта 6,7,промт для фото зубная фея,7,промт для фото крещение,7,промт для фото с пингвином,7,промт на генерацию фото лов ис,7
8. База промтов,Общие промты,Общие,/promt-foto-stile-vlastelina-kolets/,leaf_split,5,35,промт на фото в стиле властелина колец,7,промт на фото императрицы,7,промт на фото наследие,7,промт фото рождество,7,промты для красивых мужских фото,7
8. База промтов,Общие промты,Общие,/promty-foto-stile-clean-girl/,leaf_split,5,33,промты для фото в стиле clean girl,7,промты для фото парня зимние,7,фото с отца взрослым сыном промт ии,7,ахренительные промты для фото,6,ии промты для фото боец ufc,6
8. База промтов,Общие промты,Общие,/promt-dyadi-plemyannitsy-foto/,leaf_split,5,30,промт для дяди и племянницы фото,6,промт для ии фото в стиле роблокс,6,промт для одиночного фото,6,промт для фото в стиле офисной фотографии,6,промт для фото в церкви,6
8. База промтов,Общие промты,Общие,/promt-foto-izvestnoy-lichnostyu/,leaf_split,5,30,промт для фото с известной личностью,6,промт для фото я в детстве,6,промт на фото из суда,6,промт фото малифисенты,6,промты для фото братика и сестренки,6
8. База промтов,Общие промты,Общие,/trend-foto-koronoy-promt/,leaf_split,5,26,тренд фото с короной промт,6,промт для красивой фото танцовщицы,5,промт для фото беременной текст для ии,5,промт для фото в стиле 90х макияж,5,промт на добавление на фото змеи,5
8. База промтов,Общие промты,Общие,/promt-foto-raduzhek-glaz/,leaf_split,4,20,промт на фото радужек глаз,5,промты для фото капли на лице,5,смешные промты для нейросети для фото форум,5,точный промт из фото онлайн,5,,
